exposure,age,low,central,high
0,25+,1,1,1
0.1,25+,1,1,1
0.2,25+,1,1,1
0.30000000000000004,25+,1,1,1
0.4,25+,1,1,1
0.5,25+,1,1,1
0.6000000000000001,25+,1,1,1
0.7000000000000001,25+,1,1,1
0.8,25+,1,1,1
0.9,25+,1,1,1
1,25+,1,1,1
1.1,25+,1,1,1
1.2000000000000002,25+,1,1,1
1.3,25+,1,1,1
1.4,25+,1,1,1
1.5,25+,1,1,1
1.6,25+,1,1,1
1.7000000000000002,25+,1,1,1
1.8,25+,1,1,1
1.9,25+,1,1,1
2,25+,1,1,1
2.1,25+,1,1,1
2.2,25+,1,1,1
2.3000000000000003,25+,1,1,1
2.4000000000000004,25+,1,1,1
2.5,25+,1.0057300563553946,1.006516770048773,1.007304099134355
2.6,25+,1.0112270356329938,1.0127732399618348,1.0143218084954904
2.7,25+,1.0165120171632025,1.018792811852723,1.0210787240660186
2.8000000000000003,25+,1.021603345796455,1.0245958660168404,1.0275971520437457
2.9000000000000004,25+,1.0265170875244822,1.0302002627102556,1.0338966532429663
3,25+,1.0312673936836825,1.035621743519815,1.039994478851903
3.1,25+,1.0358667949541984,1.0408742555732755,1.0459059226462848
3.2,25+,1.0403264408292034,1.0459702157789068,1.051644608229457
3.3000000000000003,25+,1.0446562962854364,1.0509207279674673,1.0572227252147832
3.4000000000000004,25+,1.0488653045385747,1.055735762690667,1.0626512249009683
3.5,25+,1.052961522683995,1.060424307147383,1.067939983526332
3.6,25+,1.0569522354813143,1.0649944910178222,1.0730979393612925
3.7,25+,1.0608440513865784,1.069453692719141,1.0781332085292747
3.8,25+,1.064642984062717,1.0738086296374452,1.0830531834096246
3.9,25+,1.068354521932002,1.0780654351586632,1.0878646166836836
4,25+,1.0719836878203997,1.0822297247561548,1.0925736934739712
4.1000000000000005,25+,1.0755350903444234,1.0863066529539829,1.09718609355106
4.2,25+,1.0790129683784282,1.0903009626408644,1.1017070452101172
4.3,25+,1.082421229693587,1.0942170279383938,1.1061413721248503
4.4,25+,1.0857634846638264,1.0980588916113858,1.1104935342526685
4.5,25+,1.0890430757773035,1.101830297835634,1.1147676636776274
4.6000000000000005,25+,1.0922631035659052,1.1055347209994573,1.118967596126991
4.7,25+,1.0954264494632309,1.1091753911029507,1.123096898775109
4.800000000000001,25+,1.0985357960184798,1.1127553162273085,1.1271588948488918
4.9,25+,1.1015936448257249,1.1162773024716477,1.131156685467726
5,25+,1.1046023324722154,1.1197439716931472,1.135093169083709
5.1000000000000005,25+,1.107564044763209,1.1231577773353878,1.1389710588326891
5.2,25+,1.110480829442551,1.126521018587502,1.1427928980606277
5.300000000000001,25+,1.1133546075963108,1.1298358530815085,1.1465610742514432
5.4,25+,1.1161871839000852,1.1331043083056953,1.1502778315503916
5.5,25+,1.1189802558481472,1.1363282918871256,1.1539452820500364
5.6000000000000005,25+,1.1217354220836986,1.1395096008754255,1.157565415983079
5.7,25+,1.1244541899334786,1.1426499301423063,1.1611401109470347
5.800000000000001,25+,1.127137982236378,1.1457508799962266,1.1646711402693417
5.9,25+,1.1297881435441297,1.1488139630987828,1.168160180607508
6,25+,1.1324059457622315,1.151840610758453,1.171608818866955
6.1000000000000005,25+,1.1349925932907827,1.154832178667912,1.175018558508955
6.2,25+,1.1375492277175865,1.1577899521430557,1.178390825312232
6.300000000000001,25+,1.140076932109609,1.160715150914884,1.181726972644188
6.4,25+,1.1425767349434046,1.1636089335193718,1.1850282862911234
6.5,25+,1.1450496137104194,1.1664724013252104,1.1882959888911069
6.6000000000000005,25+,1.1474964982289717,1.1693066022347591,1.1915312440081802
6.7,25+,1.1499182736911333,1.1721125340895806,1.194735159882251
6.800000000000001,25+,1.1523157834696167,1.1748911478084678,1.1979087928852408
6.9,25+,1.1546898317070304,1.1776433502828356,1.2010531507107385
7,25+,1.1570411857074807,1.1803700070516927,1.2041691953215017
7.1000000000000005,25+,1.1593705781483714,1.1830719447760647,1.207257845676585
7.2,25+,1.1616787091284144,1.1857499535306772,1.2103199802576228
7.300000000000001,25+,1.1639662480662096,1.1884047889288911,1.2133564394117953
7.4,25+,1.1662338354623083,1.191037174095262,1.21636802752725
7.5,25+,1.168482084536391,1.1936478014986769,1.2193555150551825
7.6,25+,1.1707115827500456,1.1962373346577495,1.2223196403913954
7.7,25+,1.1729228932246176,1.1988064097290267,1.2252611116289158
7.800000000000001,25+,1.1751165560627053,1.201355636987551,1.2281806081921562
7.9,25+,1.1772930895810585,1.203885602208442,1.2310787823621168
8,25+,1.1794529914619252,1.2063968679573307,1.233956260701247
8.1,25+,1.1815967398292435,1.208889974796793,1.236813645385806
8.200000000000001,25+,1.1837247942554932,1.2113654424152642,1.239651515452845
8.3,25+,1.1858375967045094,1.2138237706843442,1.2424704279683063
8.4,25+,1.18793557241509,1.2162654406498865,1.2452709191221716
8.5,25+,1.190019130729805,1.2186909154617902,1.248053505256055
8.6,25+,1.1920886658730432,1.2211006412470014,1.2508186838282027
8.700000000000001,25+,1.1941445576819851,1.223495047929832,1.2535669343204212
8.8,25+,1.1961871722938795,1.22587455000338,1.2562987190910864
8.9,25+,1.1982168627927303,1.2282395472555097,1.2590144841780404
9,25+,1.200233969818232,1.230590425452566,1.261714660054878
9.1,25+,1.2022388221395754,1.2329275569837523,1.264399662343831
9.2,25+,1.2042317371965297,1.2352513014688578,1.2670698924882178
9.3,25+,1.206213021610013,1.2375620063318051,1.2697257383871778
9.4,25+,1.2081829716642003,1.239860007342314,1.272367574995208
9.5,25+,1.210141873762047,1.2421456291277737,1.274995764888821
9.6,25+,1.212090004855976,1.2444191856572808,1.2776106588024678
9.7,25+,1.2140276328553317,1.2466809806996382,1.2802125961357074
9.8,25+,1.2159550170120932,1.248931308256977,1.2828019054334567
9.9,25+,1.217872408286222,1.2511704529755494,1.2853789048410216
10,25+,1.2197800496919244,1.2533986905351144,1.2879439025354804
10.1,25+,1.2216781766260132,1.2556162880182498,1.290497197134886
10.2,25+,1.2235670171794666,1.2578235042608148,1.2930390780866388
10.3,25+,1.2254467924332075,1.2600205901847097,1.2955698260362931
10.4,25+,1.2273177167390532,1.262207789113996,1.2980897131779725
10.5,25+,1.2291799979867195,1.2643853370753653,1.3005990035874773
10.6,25+,1.2310338378577017,1.2665534630838802,1.3030979535391118
10.7,25+,1.2328794320667962,1.268712389414843,1.305586811807168
10.8,25+,1.2347169705919876,1.2708623318625971,1.3080658199529565
10.9,25+,1.2365466378933536,1.2730034999870043,1.3105352125982055
11,25+,1.2383686131216252,1.275136097348296,1.3129952176856006
11.1,25+,1.2401830703169736,1.2772603217309588,1.3154460567271815
11.2,25+,1.241990178598574,1.2793763653572476,1.3178879450412757
11.3,25+,1.243790102345453,1.2814844150909173,1.3203210919785895
11.4,25+,1.2455830013690972,1.283584652631688,1.3227457011380566
11.5,25+,1.247369031078268,1.2856772547009605,1.3251619705729891
11.6,25+,1.2491483426364436,1.2877623932192368,1.3275700929880534
11.7,25+,1.2509210831122772,1.2898402354757006,1.3299702559275557
11.8,25+,1.2526873956234446,1.2919109442903562,1.332362641955494
11.9,25+,1.25444741947422,1.2939746781691253,1.3347474288278056
12,25+,1.2562012902871145,1.2960315914522589,1.3371247896572105
12.1,25+,1.2579491401288707,1.2980818344564105,1.339494893071033
12.2,25+,1.259691097631114,1.3001255536106933,1.341857903362356
12.3,25+,1.2614272881059183,1.3021628915870205,1.344213980634842
12.4,25+,1.2631578336565508,1.3041939874250197,1.3465632809415398
12.5,25+,1.2648828532836278,1.306218976651788,1.3489059564179713
12.6,25+,1.266602462986914,1.3082379913967392,1.3512421554097809
12.7,25+,1.2683167758629734,1.3102511605017877,1.3535720225952108
12.8,25+,1.2700259021988738,1.3122586096270896,1.3558956991026554
12.9,25+,1.2717299495621388,1.3142604613525577,1.358213322623523
13,25+,1.2734290228871203,1.3162568352753483,1.3605250275206358
13.1,25+,1.275123224557965,1.3182478481035154,1.3628309449323752
13.2,25+,1.2768126544883325,1.3202336137460022,1.3651312028727671
13.3,25+,1.2784974101980184,1.3222142433991542,1.367425926327705
13.4,25+,1.280177586886626,1.3241898456298995,1.3697152373474784
13.5,25+,1.2818532775044151,1.3261605264557597,1.3719992551357816
13.6,25+,1.283524572820469,1.328126389421831,1.374278096135363
13.7,25+,1.285191561488288,1.3300875356748705,1.3765518741104583
13.8,25+,1.2868543301089337,1.332044064034623,1.3788207002261668
13.9,25+,1.2885129632918275,1.3339960710625036,1.3810846831248815
14,25+,1.290167543713314,1.3359436511277591,1.3833439289999323
14.1,25+,1.2918181521730752,1.337886896471214,1.3855985416665395
14.2,25+,1.293464867648504,1.3398258972667083,1.3878486226302071
14.3,25+,1.295107767347115,1.3417607416803266,1.390094271152663
14.4,25+,1.2967469267570773,1.343691515927513,1.3923355843154483
14.5,25+,1.298382419695956,1.3456183043281589,1.394572657081263
14.6,25+,1.3000143183577315,1.347541189359756,1.3968055823531509
14.7,25+,1.301642693358171,1.3494602517086878,1.3990344510316253
14.8,25+,1.303267613778623,1.351375570319742,1.4012593520698151
14.9,25+,1.3048891472082975,1.353287222443916,1.4034803725267149
15,25+,1.3065073597850962,1.3551952836845869,1.405697597618614
15.1,25+,1.308122316235048,1.357099828042109,1.4079111107687845
15.2,25+,1.3097340799104145,1.3590009279569064,1.4101209936554904
15.3,25+,1.3113427128265094,1.360898654351122,1.4123273262583949
15.4,25+,1.3129482756972912,1.3627930766688725,1.4145301869034197
15.5,25+,1.3145508279697722,1.3646842629151787,1.4167296523061252
15.6,25+,1.3161504278572953,1.366572279693608,1.418925797613669
15.7,25+,1.31774713237172,1.3684571922426914,1.4211186964453908
15.8,25+,1.319340997354562,1.370339064471158,1.4233084209320883
15.9,25+,1.3209320775071238,1.3722179589920298,1.4254950417540275
16,25+,1.3225204264196606,1.3740939371556278,1.4276786281777352
16.1,25+,1.3241060965996134,1.3759670590815252,1.429859248091626
16.2,25+,1.3256891394989463,1.377837383689488,1.432036968040502
16.3,25+,1.3272696055406246,1.3797049687294465,1.4342118532589705
16.400000000000002,25+,1.32884754414426,1.3815698708105246,1.4363839677038206
16.5,25+,1.3304230037509612,1.3834321454291751,1.4385533740853944
16.6,25+,1.331996031847413,1.385291846996438,1.4407201338979947
16.7,25+,1.333566674989218,1.3871490288643695,1.4428843074493605
16.8,25+,1.33513497882352,1.3890037433516618,1.445045953889244
16.900000000000002,25+,1.3367009881109475,1.3908560417684868,1.447205131237128
17,25+,1.3382647467468878,1.392705974440592,1.4493618964091042
17.1,25+,1.3398262977821274,1.3945535907326752,1.451516305243953
17.2,25+,1.3413856834428737,1.3963989390710625,1.4536684125284476
17.3,25+,1.3429429451501849,1.3982420669657143,1.4558182720219075
17.400000000000002,25+,1.344498123538827,1.4000830210315882,1.4579659364800377
17.5,25+,1.3460512584755755,1.4019218470093706,1.4601114576780638
17.6,25+,1.3476023890769897,1.4037585897856115,1.4622548864332046
17.7,25+,1.3491515537266623,1.4055932934122737,1.4643962726264896
17.8,25+,1.3506987900919851,1.4074260011257211,1.4665356652239532
17.900000000000002,25+,1.352244135140422,1.4092567553651651,1.468673112297225
18,25+,1.3537876251553265,1.411085597790585,1.470808661043535
18.1,25+,1.3553292957513092,1.412912569300144,1.472942357805155
18.2,25+,1.3568691818891725,1.4147377100471137,1.4750742480882946
18.3,25+,1.3584073178904248,1.4165610594563278,1.4772043765814715
18.4,25+,1.3599437374513967,1.4183826562401782,1.4793327871733692
18.5,25+,1.3614784736569592,1.420202538414167,1.4814595229702066
18.6,25+,1.3630115589938685,1.422020743312033,1.4835846263126258
18.7,25+,1.3645430253637445,1.4238373076004662,1.4857081387921258
18.8,25+,1.3660729040956954,1.4256522672934175,1.487830101267043
18.9,25+,1.3676012259586006,1.4274656577660263,1.4899505538781064
19,25+,1.369128021173062,1.429277513768172,1.492069536063572
19.1,25+,1.3706533194230364,1.4310878694376614,1.4941870865739535
19.200000000000003,25+,1.3721771498671549,1.432896758313068,1.4963032434863643
19.3,25+,1.3736995411497472,1.4347042133462289,1.4984180442184751
19.4,25+,1.3752205214115698,1.436510266914414,1.500531525542112
19.5,25+,1.3767401183002557,1.4383149508321782,1.5026437235964922
19.6,25+,1.378258358980491,1.440118296362901,1.5047546739011215
19.700000000000003,25+,1.379775270143927,1.4419203342300286,1.506864411368352
19.8,25+,1.381290878018835,1.4437210946280297,1.5089729703156225
19.9,25+,1.3828052083795177,1.4455206072330642,1.5110803844773817
20,25+,1.3843182865554706,1.447318901213384,1.5131866870167074
20.1,25+,1.3858301374403232,1.4491160052394687,1.5152919105366358
20.200000000000003,25+,1.3873407855005426,1.450911947493904,1.5173960870911989
20.3,25+,1.3888502547839234,1.4527067556810134,1.519499248196188
20.4,25+,1.3903585689278652,1.4545004570362488,1.52160142483965
20.5,25+,1.3918657511674413,1.4562930783353465,1.523702647492121
20.6,25+,1.3933718243432691,1.4580846459032577,1.525802946116604
20.700000000000003,25+,1.3948768109091862,1.4598751856228571,1.52790235017831
20.8,25+,1.3963807329397369,1.4616647229434423,1.5300008886541498
20.9,25+,1.3978836121374765,1.46345328288902,1.532098590042003
21,25+,1.3993854698400991,1.465240890066395,1.5341954823697577
21.1,25+,1.4008863270273906,1.467027568673063,1.536291593204135
21.200000000000003,25+,1.4023862043280155,1.468813342504914,1.538386949659299
21.3,25+,1.4038851220261424,1.47059823496375,1.5404815784052632
21.4,25+,1.405383100067909,1.4723822690646255,1.542575505676097
21.5,25+,1.4068801580677348,1.4741654674430118,1.5446687572779354
21.6,25+,1.408376315314487,1.4759478523617962,1.546761358596805
21.700000000000003,25+,1.409871590777496,1.4777294457181118,1.5488533346062603
21.8,25+,1.4113660031124355,1.4795102690500126,1.5509447098748486
21.9,25+,1.412859570667064,1.4812903435429912,1.5530355085733956
22,25+,1.4143523114868315,1.4830696900363445,1.5551257544821262
22.1,25+,1.41584424332036,1.4848483290293948,1.5572154709976218
22.200000000000003,25+,1.4173353836247946,1.486626280687569,1.5593046811396154
22.3,25+,1.418825749571036,1.4884035648483358,1.5613934075576343
22.4,25+,1.4203153580488512,1.4901802010270118,1.563481672537492
22.5,25+,1.4218042256718704,1.4919562084224325,1.5655694980076325
22.6,25+,1.4232923687824692,1.4937316059225,1.5676569055453318
22.700000000000003,25+,1.4247798034565444,1.4955064121096031,1.5697439163827624
22.8,25+,1.426266545508179,1.4972806452659184,1.5718305514129218
22.9,25+,1.427752610494209,1.4990543233785916,1.573916831195429
23,25+,1.429238013718682,1.5008274641448074,1.5760027759621924
23.1,25+,1.4307227702372252,1.5026000849767456,1.5780884056229572
23.200000000000003,25+,1.432206894861312,1.5043722030064297,1.5801737397707258
23.3,25+,1.4336904021624388,1.5061438350904683,1.5822587976870643
23.4,25+,1.4351733064762084,1.5079149978146973,1.5843435983472929
23.5,25+,1.436655621906328,1.509685707498716,1.586428160425563
23.6,25+,1.438137362328518,1.5114559802003322,1.588512502299827
23.700000000000003,25+,1.4396185413943396,1.5132258317199063,1.590596642056701
23.8,25+,1.4410991725349398,1.5149952776046078,1.5926805974962244
23.9,25+,1.4425792689647154,1.5167643331525762,1.5947643861365162
24,25+,1.444058843684903,1.5185330134169994,1.596848025218338
24.1,25+,1.4455379094870875,1.5203013332101034,1.5989315317095558
24.200000000000003,25+,1.4470164789566455,1.522069307107057,1.6010149223095118
24.3,25+,1.4484945644761078,1.5238369494497987,1.6030982134533032
24.4,25+,1.4499721782284587,1.525604274350782,1.605181421315974
24.5,25+,1.4514493322003628,1.5273712956966423,1.607264561816619
24.6,25+,1.4529260381853286,1.529138027151792,1.6093476506224034
24.700000000000003,25+,1.4544023077868045,1.5309044821619373,1.6114307031525
24.8,25+,1.4558781524212123,1.532670673957526,1.613513734581948
24.9,25+,1.4573535833209208,1.5344366155571256,1.6155967598454295
25,25+,1.4588286115371565,1.5362023197707315,1.6176797936409752
25.1,25+,1.4603032479428566,1.53796779920301,1.6197628504335897
25.200000000000003,25+,1.4617775032354663,1.5397330662564737,1.6218459444588074
25.3,25+,1.4632513879396765,1.5414981331345965,1.623929089726178
25.4,25+,1.464724912410112,1.5432630118448658,1.6260123000226814
25.5,25+,1.4661980868339606,1.5450277142017734,1.6280955889160729
25.6,25+,1.467670921233556,1.546792251829747,1.630178969758168
25.700000000000003,25+,1.4691434254689055,1.5485566361660266,1.632262455688057
25.8,25+,1.4706156092401703,1.5503208784634814,1.6343460596352606
25.9,25+,1.4720874820900978,1.5520849897933746,1.636429794322822
26,25+,1.4735590534064047,1.5538489810480731,1.638513672270341
26.1,25+,1.4750303324241163,1.5556128629437056,1.640597705796946
26.200000000000003,25+,1.4765013282278605,1.5573766460227685,1.642681907024214
26.3,25+,1.4779720497541138,1.559140340656682,1.64476628787903
26.4,25+,1.4794425057934115,1.5609039570483014,1.6468508600963947
26.5,25+,1.4809127049925104,1.5626675052343728,1.6489356352221778
26.6,25+,1.4823826558565114,1.5644309950879505,1.6510206246158197
26.700000000000003,25+,1.4838523667509442,1.5661944363207636,1.6531058394529825
26.8,25+,1.4853218459038111,1.5679578384855395,1.6551912907281483
26.9,25+,1.4867911014075932,1.5697212109782868,1.6572769892571777
27,25+,1.4882601412212182,1.5714845630405303,1.6593629456798074
27.1,25+,1.4897289731719936,1.5732479037615097,1.6614491704621135
27.200000000000003,25+,1.4911976049575029,1.5750112420803355,1.663535673898924
27.3,25+,1.4926660441474666,1.5767745867881038,1.6656224661161865
27.4,25+,1.4941342981855708,1.5785379465299767,1.6677095570732945
27.5,25+,1.4956023743912596,1.5803013298072202,1.6697969565653712
27.6,25+,1.4970702799614992,1.5820647449792078,1.671884674225511
27.700000000000003,25+,1.498538021972504,1.5838282002653865,1.6739727195269791
27.8,25+,1.5000056073814387,1.5855917037472091,1.676061101785377
27.9,25+,1.5014730430280845,1.587355263370031,1.6781498301607611
28,25+,1.502940335636476,1.5891188869449715,1.6802389136597318
28.1,25+,1.5044074918165145,1.5908825821507449,1.6823283611374786
28.200000000000003,25+,1.505874518065543,1.5926463565354567,1.6844181812997936
28.3,25+,1.507341420769903,1.5944102175183703,1.6865083827050469
28.4,25+,1.5088082062064576,1.5961741723916405,1.688598973766129
28.5,25+,1.510274880544091,1.5979382283220191,1.6906899627523593
28.6,25+,1.5117414498451809,1.599702392352527,1.6927813577913566
28.700000000000003,25+,1.513207920067044,1.6014666714041037,1.6948731668708872
28.8,25+,1.5146742970633604,1.6032310722772196,1.696965397840671
28.9,25+,1.5161405865855682,1.6049956016534688,1.6990580584141592
29,25+,1.5176067942842384,1.6067602660971294,1.7011511561702888
29.1,25+,1.5190729257104238,1.6085250720566997,1.7032446985551957
29.200000000000003,25+,1.5205389863169876,1.6102900258664063,1.7053386928839065
29.3,25+,1.5220049814599057,1.6120551337476898,1.7074331463419992
29.4,25+,1.523470916399549,1.6138204018106614,1.709528065987237
29.5,25+,1.524936796301947,1.615585836055537,1.7116234587511716
29.6,25+,1.526402626240023,1.6173514423740505,1.713719331440726
29.700000000000003,25+,1.5278684111948182,1.6191172265508356,1.715815690739742
29.8,25+,1.5293341560566855,1.6208831942647934,1.7179125432105105
29.9,25+,1.5307998656264714,1.6226493510904332,1.7200098952952718
30,25+,1.5322655446166746,1.6244157024991883,1.722107753317693
30.1,25+,1.533731197652586,1.626182253860719,1.7242061234843196
30.200000000000003,25+,1.5351968292734106,1.6279490104441825,1.726305011886005
30.3,25+,1.5366624439333716,1.629715977419493,1.7284044244993169
30.4,25+,1.5381280460027955,1.6314831598585562,1.73050436718792
30.5,25+,1.5395936397691794,1.6332505627364835,1.7326048457039358
30.6,25+,1.541059229438243,1.635018190932788,1.734705865689283
30.700000000000003,25+,1.5425248191349623,1.636786049232562,1.7368074326769936
30.8,25+,1.543990412904587,1.6385541423276333,1.738909552092511
30.9,25+,1.5454560147136405,1.6403224748177077,1.7410122292549648
31,25+,1.5469216284509082,1.6420910512114872,1.743115469378428
31.1,25+,1.548387257928405,1.643859875927776,1.7452192775731508
31.200000000000003,25+,1.549852906882331,1.6456289532965669,1.7473236588467806
31.3,25+,1.551318578974011,1.6473982875601094,1.7494286181055576
31.4,25+,1.5527842777908194,1.649167882873966,1.7515341601554948
31.5,25+,1.5542500068470917,1.6509377433080454,1.7536402897035388
31.6,25+,1.5557157695850203,1.6527078728476252,1.7557470113587144
31.700000000000003,25+,1.5571815693755386,1.654478275394357,1.7578543296332476
31.8,25+,1.5586474095191882,1.6562489547672554,1.7599622489436766
31.9,25+,1.5601132932469777,1.6580199147036738,1.762070773611943
32,25+,1.5615792237212232,1.6597911588602627,1.7641799078664653
32.1,25+,1.5630452040363805,1.6615626908139165,1.7662896558432
32.2,25+,1.564511237219862,1.6633345140627045,1.7684000215866833
32.300000000000004,25+,1.5659773262328418,1.6651066320267869,1.7705110090510592
32.4,25+,1.5674434739710503,1.66687904804932,1.772622622101091
32.5,25+,1.5689096832655556,1.6686517653973465,1.7747348645131604
32.6,25+,1.5703759568835314,1.670424787262671,1.776847739976247
32.7,25+,1.5718422975290187,1.672198116762725,1.778961252092899
32.800000000000004,25+,1.5733087078436716,1.6739717569414172,1.781075404380186
32.9,25+,1.5747751904074934,1.6757457107699756,1.783190200270638
33,25+,1.576241747739564,1.6775199811477703,1.7853056431131742
33.1,25+,1.5777083822987534,1.679294570903132,1.7874217361740148
33.2,25+,1.579175096484428,1.6810694827941517,1.7895384826375795
33.300000000000004,25+,1.5806418926371435,1.682844719509475,1.7916558856073772
33.4,25+,1.582108773039332,1.6846202836690796,1.7937739481068773
33.5,25+,1.583575739915974,1.6863961778250482,1.7958926730803753
33.6,25+,1.585042795435267,1.688172404462324,1.7980120633938397
33.7,25+,1.5865099417092785,1.689948965999457,1.8001321218357496
33.800000000000004,25+,1.587977180794594,1.6917258647893456,1.8022528511179237
33.9,25+,1.589444514692954,1.693503103119958,1.804374253876332
34,25+,1.5909119453518836,1.695280683215053,1.8064963326719008
34.1,25+,1.5923794746653113,1.6970586072348846,1.808619089991304
34.2,25+,1.5938471044741795,1.698836877276898,1.8107425282477445
34.300000000000004,25+,1.5953148365670493,1.70061549537642,1.8128666497817243
34.4,25+,1.5967826726806924,1.7023944635073325,1.8149914568618055
34.5,25+,1.5982506145006807,1.7041737835827462,1.8171169516853611
34.6,25+,1.5997186636619607,1.7059534574556556,1.8192431363793111
34.7,25+,1.6011868217494265,1.7077334869195926,1.8213700130008548
34.800000000000004,25+,1.6026550902984815,1.7095138737092663,1.82349758353819
34.9,25+,1.6041234707955947,1.711294619501198,1.825625849911224
35,25+,1.6055919646788457,1.7130757259143448,1.827754813972273
35.1,25+,1.6070605733384669,1.7148571945107167,1.8298844775067544
35.2,25+,1.6085292981173769,1.7166390267959848,1.832014842233871
35.300000000000004,25+,1.6099981403117054,1.718421224220081,1.83414590980728
35.4,25+,1.6114671011713124,1.7202037881777916,1.836277681815763
35.5,25+,1.6129361819003012,1.721986720009342,1.8384101597838785
35.6,25+,1.6144053836575227,1.723770021000972,1.8405433451726116
35.7,25+,1.615874707557075,1.7255536923855068,1.8426772393800128
35.800000000000004,25+,1.6173441546687963,1.7273377353429205,1.8448118437418275
35.9,25+,1.61881372601875,1.7291221510008892,1.8469471595321223
36,25+,1.620283422589705,1.7309069404353392,1.8490831879638976
36.1,25+,1.6217532453216088,1.732692104670989,1.851219930189696
36.2,25+,1.623223195112056,1.7344776446818833,1.8533573873022025
36.3,25+,1.6246932728167491,1.736263561391919,1.8554955603348349
36.4,25+,1.6261634792499544,1.7380498556753687,1.8576344502623316
36.5,25+,1.6276338151849528,1.7398365283573929,1.8597740580013289
36.6,25+,1.629104281354483,1.741623580214548,1.861914384410928
36.7,25+,1.630574878451181,1.7434110119752892,1.8640554302932637
36.8,25+,1.6320456071280134,1.7451988243204652,1.866197196394056
36.9,25+,1.6335164679987055,1.7469870178838076,1.8683396834031656
37,25+,1.6349874616381632,1.748775593252414,1.8704828919551324
37.1,25+,1.6364585885828922,1.750564550967227,1.8726268226297145
37.2,25+,1.6379298493314078,1.752353891523503,1.874771475952418
37.3,25+,1.6394012443446446,1.754143615371282,1.8769168523950213
37.4,25+,1.6408727740463585,1.7559337229158452,1.879062952376093
37.5,25+,1.6423444388235224,1.7577242145181715,1.8812097762615032
37.6,25+,1.6438162390267217,1.7595150904953862,1.883357324364929
37.7,25+,1.6452881749705406,1.7613063511212064,1.885505596948355
37.8,25+,1.6467602469339453,1.763097996626378,1.8876545942225655
37.9,25+,1.6482324551606644,1.7648900271991128,1.889804316347636
38,25+,1.649704799859562,1.766682442985514,1.8919547634334128
38.1,25+,1.6511772812050085,1.7684752440900016,1.8941059355399903
38.2,25+,1.6526498993372454,1.7702684305757326,1.8962578326781856
38.3,25+,1.654122654362747,1.772062002465012,1.8984104548100007
38.400000000000006,25+,1.6555955463545784,1.7738559597397057,1.900563801849086
38.5,25+,1.6570685753527472,1.7756503023416423,1.9027178736611952
38.6,25+,1.658541741364554,1.777445030173016,1.9048726700646388
38.7,25+,1.6600150443649355,1.779240143096779,1.907028190830724
38.8,25+,1.6614884842968076,1.7810356409370365,1.909184435684201
38.900000000000006,25+,1.6629620610714009,1.782831523479429,1.9113414043036971
39,25+,1.6644357745685945,1.7846277904715195,1.9134990963221468
39.1,25+,1.665909624637247,1.786424441623169,1.91565751132722
39.2,25+,1.6673836110955191,1.7882214766069109,1.9178166488617423
39.3,25+,1.6688577337312005,1.790018895058321,1.919976508424115
39.400000000000006,25+,1.6703319923020237,1.791816696576384,1.922137089468723
39.5,25+,1.671806386535983,1.793614880723856,1.9242983914063487
39.6,25+,1.673280916131644,1.7954134470276213,1.926460413604573
39.7,25+,1.674755580758452,1.7972123949790468,1.9286231553881752
39.8,25+,1.6762303800570382,1.7990117240343333,1.93078661603953
39.900000000000006,25+,1.67770531363952,1.800811433614861,1.9329507947989972
40,25+,1.6791803810897992,1.802611523107534,1.935115690865311
40.1,25+,1.6806555819638584,1.8044119918651185,1.937281303395963
40.2,25+,1.6821309157900513,1.8062128392065788,1.9394476315075797
40.3,25+,1.683606382069393,1.8080140644174103,1.9416146742762996
40.400000000000006,25+,1.6850819802758443,1.809815666749968,1.9437824307381468
40.5,25+,1.686557709856595,1.8116176454237904,1.9459508998893948
40.6,25+,1.6880335702323443,1.813419999625925,1.9481200806869352
40.7,25+,1.6895095607975763,1.8152227285112432,1.9502899720486335
40.8,25+,1.690985680920835,1.8170258312027605,1.9524605728536917
40.900000000000006,25+,1.692461929944994,1.8188293067919428,1.9546318819429964
41,25+,1.6939383071875258,1.8206331543390208,1.9568038981194733
41.1,25+,1.6954148119407686,1.8224373728732943,1.958976620148431
41.2,25+,1.696891443472185,1.824241961393434,1.9611500467579048
41.3,25+,1.6983682010246248,1.8260469188677837,1.9633241766389968
41.400000000000006,25+,1.699845083816584,1.8278522442346548,1.965499008446212
41.5,25+,1.7013220910424556,1.8296579364026233,1.9676745407977936
41.6,25+,1.7027992218727848,1.8314639942508184,1.96985077227605
41.7,25+,1.7042764754545168,1.8332704166292124,1.9720277014276848
41.8,25+,1.705753850911246,1.8350772023589057,1.9742053267641173
41.900000000000006,25+,1.7072313473434586,1.836884350232409,1.9763836467618081
42,25+,1.708708963828777,1.8386918590139252,1.978562659862572
42.1,25+,1.7101866994221966,1.8404997274396249,1.9807423644738984
42.2,25+,1.711664553156328,1.8423079542179224,1.9829227589692564
42.3,25+,1.7131425240416271,1.844116538029746,1.9851038416884108
42.400000000000006,25+,1.7146206110666329,1.8459254775288108,1.9872856109377248
42.5,25+,1.7160988131981925,1.847734771341882,1.9894680649904624
42.6,25+,1.7175771293816962,1.8495444180690437,1.991651202087095
42.7,25+,1.7190555585412983,1.8513544162839557,1.9938350204355908
42.8,25+,1.720534099580144,1.8531647645341176,1.9960195182117184
42.900000000000006,25+,1.72201275138059,1.854975461341125,1.998204693559335
43,25+,1.7234915128044253,1.856786505200922,2.000390544590677
43.1,25+,1.7249703826930889,1.8585978945840584,2.0025770693866503
43.2,25+,1.7264493598678845,1.8604096279359348,2.0047642659971125
43.3,25+,1.7279284431301958,1.8622217036770552,2.0069521324411563
43.400000000000006,25+,1.7294076312616966,1.864034120203269,2.009140666707391
43.5,25+,1.7308869230245612,1.8658468758860176,2.011329866754219
43.6,25+,1.7323663171616737,1.867659969072574,2.0135197305101125
43.7,25+,1.7338458123968301,1.8694733980862832,2.015710255873883
43.8,25+,1.7353254074349471,1.8712871612267992,2.017901440714959
43.900000000000006,25+,1.7368051009622605,1.8731012567703187,2.0200932828736464
44,25+,1.738284891646527,1.8749156829698168,2.022285780161402
44.1,25+,1.7397647781372227,1.8767304380552752,2.0244789303610906
44.2,25+,1.7412447590657405,1.878545520233914,2.0266727312272548
44.3,25+,1.742724833045583,1.880360927690417,2.028867180486367
44.400000000000006,25+,1.7442049986725567,1.8821766585871564,2.031062275837091
44.5,25+,1.745685254524966,1.8839927110644183,2.0332580149505377
44.6,25+,1.7471655991637989,1.885809083240622,2.0354543954705178
44.7,25+,1.748646031132917,1.88762577321254,2.0376514150137917
44.8,25+,1.7501265489592432,1.889442779055516,2.0398490711703205
44.900000000000006,25+,1.751607151152945,1.8912600988236807,2.0420473615035144
45,25+,1.7530878362076163,1.893077730550165,2.0442462835504744
45.1,25+,1.754568602600464,1.8948956722473136,2.0464458348222405
45.2,25+,1.7560494487924827,1.8967139219068947,2.0486460128040296
45.3,25+,1.757530373228636,1.898532477500308,2.050846814955476
45.400000000000006,25+,1.7590113743380331,1.9003513369787937,2.0530482387108706
45.5,25+,1.7604924505341049,1.9021704982736352,2.055250281479396
45.6,25+,1.761973600214776,1.9039899592963672,2.05745294064536
45.7,25+,1.76345482176264,1.905809717938973,2.0596562135684287
45.8,25+,1.7649361135451287,1.9076297720740871,2.061860097583858
45.900000000000006,25+,1.766417473914682,1.909450119555196,2.064064590002722
46,25+,1.7678989012089164,1.9112707582168305,2.0662696881121367
46.1,25+,1.7693803937507926,1.9130916858747669,2.068475389175493
46.2,25+,1.77086194984878,1.9149129003262189,2.0706816904326732
46.3,25+,1.772343567797021,1.9167343993500292,2.0728885891002764
46.400000000000006,25+,1.7738252458754935,1.9185561807068627,2.0750960823718407
46.5,25+,1.775306982350173,1.9203782421393945,2.0773041674180575
46.6,25+,1.776788775473193,1.9222005813725005,2.079512841386994
46.7,25+,1.7782706234830026,1.9240231961134409,2.081722101404305
46.8,25+,1.779752524604524,1.9258460840520488,2.083931944573449
46.900000000000006,25+,1.7812344770493114,1.927669242860913,2.086142367975901
47,25+,1.782716479015702,1.92949267019556,2.088353368671363
47.1,25+,1.7841985286889732,1.931316363694636,2.0905649436979736
47.2,25+,1.7856806242414929,1.9331403209800853,2.092777090072517
47.3,25+,1.787162763832873,1.9349645396573325,2.0949898047906297
47.400000000000006,25+,1.788644945610117,1.9367890173154552,2.0972030848270045
47.5,25+,1.7901271677077712,1.9386137515273631,2.0994169271355965
47.6,25+,1.7916094282480708,1.9404387398499712,2.1016313286498236
47.7,25+,1.7930917253410883,1.942263979824373,2.10384628628277
47.8,25+,1.7945740570848778,1.944089468976013,2.1060617969273805
47.900000000000006,25+,1.7960564215656187,1.9459152048148587,2.108277857456668
48,25+,1.7975388168577615,1.9477411848355677,2.1104944647239035
48.1,25+,1.799021241024167,1.9495674065176571,2.1127116155628123
48.2,25+,1.8005036921162505,1.9513938673256728,2.114929306787772
48.3,25+,1.8019861681741176,1.9532205647093512,2.1171475351940017
48.400000000000006,25+,1.8034686672267088,1.9550474961037887,2.1193662975577574
48.5,25+,1.8049511872919315,1.9568746589296009,2.1215855906365197
48.6,25+,1.806433726376802,1.958702050593088,2.1238054111691858
48.7,25+,1.8079162824775772,1.960529668486396,2.126025755876254
48.8,25+,1.8093988535798915,1.962357509987675,2.1282466214600153
48.900000000000006,25+,1.8108814376588904,1.9641855724612405,2.130468004604735
49,25+,1.8123640326793644,1.9660138532577287,2.1326899019768386
49.1,25+,1.8138466365958776,1.9678423497142572,2.134912310225098
49.2,25+,1.815329247352902,1.9696710591545772,2.1371352259808076
49.3,25+,1.816811862884945,1.97149997888923,2.1393586458579716
49.400000000000006,25+,1.81829448111668,1.9733291062157008,2.141582566453479
49.5,25+,1.819777099963073,1.97515843841857,2.143806984347286
49.6,25+,1.8212597173295109,1.976987972769668,2.1460318961025915
49.7,25+,1.8227423311119269,1.97881770652822,2.148257298266014
49.8,25+,1.824224939196926,1.9806476369410029,2.150483187367768
49.900000000000006,25+,1.8257075394619084,1.982477761242487,2.1527095599218367
50,25+,1.8271901297751945,1.9843080766549896,2.1549364124261468
50.1,25+,1.8286727079961465,1.9861385803888163,2.157163741362741
50.2,25+,1.8301552719752905,1.9879692696424112,2.159391543197948
50.3,25+,1.831637819554436,1.989800141602498,2.161619814382551
50.400000000000006,25+,1.8331203485667973,1.9916311934442257,2.1638485513519634
50.5,25+,1.8346028568371129,1.993462422331311,2.166077750526388
50.6,25+,1.836085342181762,1.9952938254161816,2.168307408310994
50.7,25+,1.8375678024088835,1.9971253998401135,2.170537521096072
50.8,25+,1.8390502353184908,1.9989571427333743,2.1727680852572084
50.900000000000006,25+,1.8405326387025909,2.0007890512153614,2.174999097155447
51,25+,1.842015010345294,2.0026211223947397,2.177230553137448
51.1,25+,1.8434973480229335,2.0044533533695796,2.179462449535658
51.2,25+,1.8449796495041768,2.006285741227494,2.181694782668466
51.3,25+,1.8464619125501356,2.0081182830457736,2.183927548840362
51.400000000000006,25+,1.8479441349144816,2.0099509758915186,2.1861607443421036
51.5,25+,1.8494263143435552,2.011783816821778,2.1883943654508675
51.6,25+,1.8509084485764773,2.01361680288368,2.1906284084304124
51.7,25+,1.8523905353452563,2.0154499311145626,2.192862869531232
51.8,25+,1.8538725723749,2.0172831985421076,2.1950977449907136
51.900000000000006,25+,1.8553545573835215,2.01911660218447,2.197333031033291
52,25+,1.8568364880824468,2.0209501390504103,2.1995687238705997
52.1,25+,1.8583183621763224,2.0227838061394174,2.2018048197016316
52.2,25+,1.85980017736322,2.024617600441843,2.204041314712883
52.3,25+,1.8612819313347424,2.0264515189390258,2.2062782050785135
52.400000000000006,25+,1.8627636217761272,2.02828555860342,2.2085154869604877
52.5,25+,1.8642452463663517,2.030119716398718,2.210753156508733
52.6,25+,1.8657268027782332,2.0319539892799807,2.212991209861284
52.7,25+,1.867208288678536,2.033788374193756,2.215229643144433
52.8,25+,1.8686897017280684,2.0356228680782062,2.2174684524728767
52.900000000000006,25+,1.8701710395817863,2.037457467863229,2.219707633949862
53,25+,1.8716522998888931,2.039292170470581,2.221947183667333
53.1,25+,1.873133480292939,2.041126972813998,2.224187097706077
53.2,25+,1.8746145784319197,2.042961871799316,2.2264273721358667
53.3,25+,1.8760955919383744,2.0447968643245895,2.2286680030156036
53.400000000000006,25+,1.8775765184394868,2.0466319472802157,2.230908986393465
53.5,25+,1.8790573555571768,2.0484671175490443,2.2331503183070383
53.6,25+,1.8805381009082012,2.050302372006506,2.2353919947834706
53.7,25+,1.8820187521042473,2.0521377075207186,2.2376340118396034
53.8,25+,1.8834993067520291,2.053973120952613,2.239876365482114
53.900000000000006,25+,1.8849797624533813,2.0558086091560415,2.242119051707657
54,25+,1.8864601168053527,2.057644168977898,2.244362066502996
54.1,25+,1.8879403674003017,2.0594797972582297,2.246605405845151
54.2,25+,1.889420511825986,2.06131549083035,2.248849065701526
54.3,25+,1.8909005476656569,2.0631512465209547,2.2510930420300492
54.400000000000006,25+,1.8923804724981497,2.0649870611502315,2.25333733077931
54.5,25+,1.893860283897975,2.0668229315319717,2.2555819278886884
54.6,25+,1.895339979435409,2.0686588544736835,2.257826829288496
54.7,25+,1.896819556676584,2.070494826776701,2.260072030900103
54.8,25+,1.8982990131835753,2.072330845236293,2.262317528636076
54.900000000000006,25+,1.8997783465144928,2.074166906641773,2.264563318400304
55,25+,1.9012575542235663,2.07600300777661,2.2668093960881377
55.1,25+,1.902736633861235,2.077839145418531,2.2690557575865116
55.2,25+,1.9042155829742335,2.0796753163396344,2.2713023987740795
55.3,25+,1.9056943991056785,2.0815115173064913,2.273549315521343
55.400000000000006,25+,1.9071730797951532,2.083347745080254,2.2757965036907772
55.5,25+,1.9086516225787948,2.085183996416764,2.278043959136963
55.6,25+,1.9101300249893776,2.0870202680666496,2.2802916777067113
55.7,25+,1.9116082845563984,2.0888565567754385,2.28253965523919
55.8,25+,1.913086398806158,2.0906928592836556,2.284787887566051
55.900000000000006,25+,1.9145643652618476,2.0925291723269286,2.287036370511558
56,25+,1.9160421814436273,2.0943654926360886,2.289285099892703
56.1,25+,1.9175198448687123,2.0962018169372754,2.29153407151934
56.2,25+,1.9189973530514512,2.098038141952034,2.2937832811943046
56.3,25+,1.920474703503409,2.099874464397419,2.2960327247135344
56.400000000000006,25+,1.9219518937334468,2.101710780986095,2.2982823978661964
56.5,25+,1.9234289212478013,2.103547088426432,2.3005322964348034
56.6,25+,1.9249057835501655,2.10538338342261,2.3027824161953405
56.7,25+,1.926382478141767,2.1072196626747113,2.30503275291738
56.8,25+,1.927859002521447,2.109055922878825,2.307283302364208
56.900000000000006,25+,1.9293353541857368,2.11089216072714,2.3095340602929353
57,25+,1.9308115306289368,2.112728372908042,2.3117850224546235
57.1,25+,1.9322875293431931,2.1145645561062123,2.3140361845943995
57.2,25+,1.933763347818575,2.116400707002721,2.3162875424515743
57.3,25+,1.9352389835431485,2.118236822275123,2.3185390917597593
57.400000000000006,25+,1.9367144340030549,2.120072898597554,2.320790828246982
57.5,25+,1.938189696682583,2.121908932640822,2.323042747635802
57.6,25+,1.939664769064246,2.1237449210725017,2.3252948456434304
57.7,25+,1.941139648628856,2.125580860557031,2.3275471179818377
57.8,25+,1.9426143328555936,2.1274167477557997,2.3297995603578716
57.900000000000006,25+,1.944088819222088,2.1292525793272405,2.3320521684733726
58,25+,1.9455631052044813,2.1310883519269255,2.334304938025281
58.1,25+,1.947037188277509,2.132924062207653,2.336557864705755
58.2,25+,1.9485110659145668,2.1347597068195383,2.3388109442022817
58.3,25+,1.9499847355877833,2.1365952824101075,2.341064172197784
58.400000000000006,25+,1.951458194768092,2.138430785624383,2.343317544370737
58.5,25+,1.9529314409252991,2.140266213104973,2.345571056395275
58.6,25+,1.9544044715281572,2.142101561492161,2.3478247039413036
58.7,25+,1.955877284044432,2.1439368274239956,2.3500784826746055
58.8,25+,1.957349875940973,2.1457720075363733,2.352332388256952
58.900000000000006,25+,1.9588222446837815,2.14760709846313,2.3545864163462102
59,25+,1.9602943877380803,2.1494420968361263,2.356840562596451
59.1,25+,1.9617663025683791,2.151276999285331,2.3590948226580553
59.2,25+,1.963237986638544,2.1531118024389113,2.361349192177821
59.3,25+,1.964709437411864,2.1549465029233135,2.363603666799069
59.400000000000006,25+,1.9661806523511176,2.1567810973633508,2.3658582421617504
59.5,25+,1.9676516289186392,2.1586155823822852,2.368112913902548
59.6,25+,1.969122364576384,2.160449954601914,2.3703676776549822
59.7,25+,1.9705928567859947,2.1622842106426483,2.372622529049518
59.8,25+,1.9720631030088644,2.164118347123602,2.3748774637136645
59.900000000000006,25+,1.9735331007062051,2.165952360662669,2.3771324772720797
60,25+,1.9750028473391064,2.1677862478766072,2.379387565346671
60.1,25+,1.9764723403686035,2.1696200053811197,2.381642723556702
60.2,25+,1.9779415772557392,2.171453629790935,2.383897947518887
60.3,25+,1.9794105554616264,2.1732871177198896,2.3861532328474993
60.400000000000006,25+,1.9808792724475104,2.175120465781004,2.388408575154465
60.5,25+,1.982347725674832,2.1769536705865664,2.3906639700494674
60.6,25+,1.983815912605289,2.1787867287482112,2.3929194131400453
60.7,25+,1.9852838307008969,2.1806196368769943,2.395174900031692
60.8,25+,1.9867514774240504,2.1824523915834755,2.3974304263279533
60.900000000000006,25+,1.9882188502375828,2.1842849894777925,2.3996859876305248
61,25+,1.9896859466048296,2.186117427169743,2.4019415795393533
61.1,25+,1.9911527639896829,2.1879497012688565,2.404197197652728
61.2,25+,1.9926192998566556,2.1897818083844744,2.4064528375673824
61.3,25+,1.9940855516709384,2.191613745125825,2.4087084948785877
61.400000000000006,25+,1.9955515168984577,2.193445508102098,2.4109641651802485
61.5,25+,1.9970171930059344,2.19527709392252,2.413219844064999
61.6,25+,1.9984825774609447,2.1971084991964323,2.415475527124298
61.7,25+,1.999947667731972,2.1989397205333616,2.417731209948519
61.8,25+,2.001412461288468,2.200770754543094,2.4199868881270503
61.900000000000006,25+,2.0028769556009096,2.2026015978357525,2.422242557248386
62,25+,2.004341148140852,2.204432247021863,2.4244982129002146
62.1,25+,2.00580503638099,2.2062626987124356,2.426753850669518
62.2,25+,2.007268617795208,2.2080929495190307,2.42900946614266
62.3,25+,2.008731889858639,2.2099229960538316,2.431265054905476
62.400000000000006,25+,2.010194850047718,2.2117528349297184,2.4335206125433673
62.5,25+,2.0116574958402373,2.2135824627603355,2.43577613464139
62.6,25+,2.0131198247154005,2.215411876160167,2.438031616784347
62.7,25+,2.0145818341538773,2.2172410717446023,2.440287054556876
62.8,25+,2.016043521637853,2.2190700461300077,2.4425424435435343
62.900000000000006,25+,2.017504884651089,2.2208987959337967,2.444797779328899
63,25+,2.018965920678967,2.2227273177744964,2.447053057497642
63.1,25+,2.020426627208549,2.2245556082718205,2.4493082736346294
63.2,25+,2.0218870017286257,2.2263836640467316,2.4515634233250005
63.3,25+,2.023347041729766,2.2282114817215137,2.4538185021542582
63.400000000000006,25+,2.024806744704376,2.230039057919839,2.456073505708357
63.5,25+,2.0262661081467397,2.2318663892668305,2.4583284295737844
63.6,25+,2.02772512955308,2.233693472389135,2.4605832693376524
63.7,25+,2.029183806421602,2.235520303914986,2.4628380205877773
63.8,25+,2.030642136252546,2.237346880474268,2.46509267891277
63.900000000000006,25+,2.032100116548236,2.239173198698585,2.4673472399021135
64,25+,2.0335577448131317,2.2409992552213245,2.469601699146253
64.10000000000001,25+,2.0350150185538727,2.242825046677721,2.4718560522366757
64.2,25+,2.0364719352793332,2.244650569704921,2.474110294765995
64.3,25+,2.0379284925006647,2.246475820942049,2.476364422328035
64.4,25+,2.039384687731348,2.2483007970302653,2.478618430517908
64.5,25+,2.0408405184872396,2.250125494612837,2.4808723149321
64.60000000000001,25+,2.042295982286619,2.2519499103351945,2.483126071168552
64.7,25+,2.043751076650235,2.2537740408449953,2.4853796948267384
64.8,25+,2.045205799101354,2.2555978827921876,2.4876331815077486
64.9,25+,2.0466601471658064,2.257421432829071,2.4898865268143697
65,25+,2.0481141183720313,2.2592446876103582,2.4921397263511618
65.10000000000001,25+,2.0495677102511225,2.2610676437932336,2.4943927757245388
65.2,25+,2.051020920336875,2.262890298037417,2.4966456705428497
65.3,25+,2.0524737461658304,2.264712647005222,2.498898406416452
65.4,25+,2.0539261852773203,2.266534687361617,2.5011509789577957
65.5,25+,2.05537823521351,2.2683564157742797,2.5034033837814937
65.60000000000001,25+,2.0568298935194473,2.2701778289136656,2.505655616504406
65.7,25+,2.058281157743101,2.271998923453056,2.507907672745711
65.8,25+,2.0597320254354066,2.2738196960686263,2.510159548126986
65.9,25+,2.0611824941503114,2.2756401434394955,2.512411238272279
66,25+,2.062632561444814,2.2774602622477875,2.5146627388081857
66.10000000000001,25+,2.06408222487901,2.2792800491786886,2.516914045363928
66.2,25+,2.065531482016132,2.2810995009205053,2.5191651535714232
66.3,25+,2.066980330422594,2.2829186141647178,2.521416059065361
66.4,25+,2.068428767668031,2.2847373856060376,2.5236667574832774
66.5,25+,2.0698767913253406,2.2865558119424634,2.5259172444656266
66.60000000000001,25+,2.071324398970726,2.2883738898753374,2.528167515655858
66.7,25+,2.072771588183735,2.2901916161093983,2.530417566700481
66.8,25+,2.074218356547301,2.2920089873528378,2.532667393249146
66.9,25+,2.0756647016477845,2.2938260003173547,2.5349169909547125
67,25+,2.07711062107501,2.295642651718207,2.537166355473317
67.10000000000001,25+,2.078556112422309,2.297458938274269,2.5394154824644506
67.2,25+,2.080001173286558,2.2992748567080814,2.541664367591024
67.3,25+,2.081445801268217,2.3010904037459063,2.5439130065194417
67.4,25+,2.082889993971368,2.3029055761177792,2.546161394919669
67.5,25+,2.084333749003755,2.3047203705575594,2.548409528465302
67.60000000000001,25+,2.0857770639768205,2.3065347838029866,2.5506574028336386
67.7,25+,2.087219936505746,2.3083488125957277,2.552905013705745
67.8,25+,2.0886623642094864,2.3101624536814307,2.5551523567665235
67.9,25+,2.0901043447108085,2.311975703809775,2.557399427704784
68,25+,2.091545875636329,2.313788559734521,2.5596462222133054
68.10000000000001,25+,2.09298695461655,2.3156010182135622,2.561892735988908
68.2,25+,2.094427579285897,2.317413076008974,2.564138964732518
68.3,25+,2.0958677472827527,2.3192247298870625,2.566384904149235
68.4,25+,2.097307456249495,2.321035976618417,2.5686305499483946
68.5,25+,2.098746703832531,2.3228468129779527,2.5708758978436377
68.60000000000001,25+,2.100185487682334,2.324657235744966,2.5731209435529725
68.7,25+,2.1016238054534773,2.326467241703179,2.5753656827988434
68.8,25+,2.1030616548046703,2.328276827640788,2.57761011130819
68.9,25+,2.104499033398791,2.330085990350512,2.579854224812516
69,25+,2.105935938902921,2.3318947266296375,2.582098019047948
69.10000000000001,25+,2.107372368988381,2.3337030332800692,2.5843414897553036
69.2,25+,2.1088083213307613,2.3355109071083717,2.586584632680149
69.3,25+,2.110243793609961,2.3373183449258224,2.588827443572868
69.4,25+,2.111678783510212,2.33912534354845,2.591069918188716
69.5,25+,2.113113288720122,2.340931899797085,2.59331205228789
69.60000000000001,25+,2.1145473069326983,2.342738010497405,2.595553841635582
69.7,25+,2.115980835845386,2.344543672479974,2.597795282002045
69.8,25+,2.117413873160099,2.3463488825802985,2.6000363691626536
69.9,25+,2.118846416583249,2.348153637638857,2.602277098897961
70,25+,2.120278463825779,2.349957934501156,2.6045174669937605
70.10000000000001,25+,2.121710012603196,2.351761770017769,2.606757469241147
70.2,25+,2.1231410606355987,2.3535651410443776,2.60899710143657
70.3,25+,2.1245716056477115,2.3553680444418212,2.611236359381901
70.4,25+,2.126001645368912,2.3571704770761315,2.613475238884481
70.5,25+,2.1274311775332646,2.3589724358185817,2.6157137357571902
70.60000000000001,25+,2.1288601998795458,2.360773917545725,2.6179518458184963
70.7,25+,2.130288710151279,2.362574919139437,2.6201895648925153
70.8,25+,2.131716706096761,2.3643754374869586,2.6224268888090703
70.9,25+,2.133144185469089,2.3661754694809334,2.624663813403741
71,25+,2.1345711460261976,2.3679750120194547,2.62690033451793
71.10000000000001,25+,2.1359975855308764,2.3697740620061,2.6291364479989072
71.2,25+,2.1374235017508085,2.3715726163499737,2.631372149699875
71.3,25+,2.1388488924585913,2.3733706719657484,2.6336074354800183
71.4,25+,2.1402737554317692,2.3751682257737023,2.635842301204559
71.5,25+,2.1416980884528583,2.376965274699759,2.63807674274481
71.60000000000001,25+,2.143121889309375,2.378761815675528,2.6403107559782324
71.7,25+,2.144545155793863,2.38055784563834,2.6425443367884855
71.8,25+,2.1459678857039215,2.3823533615312895,2.644777481065481
71.9,25+,2.1473900768422296,2.384148360303271,2.6470101847054384
72,25+,2.1488117270165725,2.3859428389090143,2.64924244361093
72.10000000000001,25+,2.150232834039872,2.3877367943091277,2.651474253690943
72.2,25+,2.1516533957302046,2.389530223470128,2.653705610860922
72.3,25+,2.1530734099108373,2.391323123364484,2.6559365110428272
72.4,25+,2.1544928744102436,2.3931154909706502,2.658166950165183
72.5,25+,2.155911787062134,2.394907323273101,2.6603969241631265
72.60000000000001,25+,2.15733014570548,2.396698617262371,2.66262642897846
72.7,25+,2.1587479481845375,2.3984893699350875,2.6648554605597004
72.8,25+,2.1601651923488725,2.400279578294007,2.6670840148621298
72.9,25+,2.161581876053386,2.4020692393480503,2.669312087847843
73,25+,2.1629979971583353,2.4038583501123374,2.671539675485797
73.10000000000001,25+,2.16441355352936,2.4056469076082205,2.673766773751859
73.2,25+,2.1658285430375055,2.407434908863322,2.675993378628858
73.3,25+,2.1672429635592447,2.4092223509115636,2.6782194861066255
73.4,25+,2.1686568129765043,2.411009230793205,2.680445092182052
73.5,25+,2.1700700891766815,2.41279554555487,2.682670192859124
73.60000000000001,25+,2.171482790052675,2.4145812922495904,2.6848947841489808
73.7,25+,2.172894913502898,2.416366467936827,2.687118862069953
73.8,25+,2.1743064574313085,2.41815106968251,2.6893424226476137
73.9,25+,2.175717419747427,2.4199350945590687,2.6915654619148226
74,25+,2.1771277983663584,2.4217185396454637,2.693787975911768
74.10000000000001,25+,2.178537591208814,2.423501402027217,2.6960099606860184
74.2,25+,2.179946796201132,2.425283678796446,2.6982314122925604
74.3,25+,2.1813554112753,2.4270653670518927,2.7004523267938496
74.4,25+,2.182763434368976,2.4288464638989566,2.7026727002598503
74.5,25+,2.184170863425505,2.4306269664497204,2.704892528768078
74.60000000000001,25+,2.185577696393943,2.432406871822986,2.707111808403647
74.7,25+,2.186983931229076,2.4341861771443005,2.7093305352593107
74.8,25+,2.1883895658914416,2.4359648795459887,2.711548705435504
74.9,25+,2.189794598347346,2.437742976167181,2.713766315040389
75,25+,2.1911990265688814,2.43952046415384,2.7159833601898904
75.10000000000001,25+,2.1926028485339533,2.441297340658795,2.7181998370077443
75.2,25+,2.19400606222629,2.443073602841766,2.7204157416255335
75.3,25+,2.195408665635466,2.444849247869393,2.7226310701827345
75.4,25+,2.196810656756925,2.446624272915267,2.724845818826753
75.5,25+,2.198212033591986,2.448398675159951,2.727059983712965
75.60000000000001,25+,2.199612794147874,2.4501724517910146,2.729273561004758
75.7,25+,2.2010129364377304,2.4519456000030586,2.7314865468735725
75.8,25+,2.2024124584806333,2.453718116997739,2.733698937498937
75.9,25+,2.203811358301615,2.455489999983799,2.735910729068511
76,25+,2.2052096339316773,2.45726124617709,2.7381219177781184
76.10000000000001,25+,2.2066072834078123,2.4590318528006043,2.7403324998317933
76.2,25+,2.208004304773014,2.4608018170844925,2.7425424714418116
76.3,25+,2.2094006960762993,2.462571136266096,2.74475182882873
76.4,25+,2.210796455372723,2.4643398075899694,2.746960568221425
76.5,25+,2.2121915807233923,2.466107828307906,2.74916868585713
76.60000000000001,25+,2.213586070195487,2.467875195678963,2.75137617798147
76.7,25+,2.21497992186227,2.4696419069694864,2.7535830408484996
76.80000000000001,25+,2.2163731338031063,2.471407959453132,2.755789270720736
76.9,25+,2.217765704103477,2.4731733504108946,2.7579948638692007
77,25+,2.219157630854995,2.474938077131128,2.760199816573448
77.10000000000001,25+,2.220548912155421,2.4767021369095703,2.762404125121607
77.2,25+,2.221939546108675,2.478465527049365,2.7646077858104077
77.30000000000001,25+,2.2233295308248544,2.480228244861087,2.7668107949452234
77.4,25+,2.2247188644202462,2.481990287662762,2.769013148840102
77.5,25+,2.2261075450173413,2.483751652779893,2.771214843817797
77.60000000000001,25+,2.2274955707448507,2.4855123375454795,2.7734158762098073
77.7,25+,2.2288829397377143,2.487272339300038,2.7756162423564015
77.80000000000001,25+,2.230269650137121,2.489031655391629,2.77781593860666
77.9,25+,2.231655700090515,2.490790283175872,2.7800149613184995
78,25+,2.233041087751616,2.4925482200159736,2.782213306858713
78.10000000000001,25+,2.234425811280425,2.494305463282742,2.784410971602993
78.2,25+,2.2358098688432446,2.496062010354612,2.786607951935972
78.30000000000001,25+,2.237193258612685,2.4978178586176636,2.7888042442512457
78.4,25+,2.2385759787676793,2.499573005465642,2.7909998449514095
78.5,25+,2.239958027493495,2.5013274482999788,2.793194750448087
78.60000000000001,25+,2.241339402981749,2.5030811845298113,2.795388957161961
78.7,25+,2.242720103430413,2.504834211572,2.7975824615228
78.80000000000001,25+,2.244100127043831,2.5065865268511525,2.799775259969497
78.9,25+,2.245479472032728,2.5083381277996355,2.8019673489500856
79,25+,2.2468581366142213,2.510089011857601,2.804158724921783
79.10000000000001,25+,2.248236119011833,2.511839176473,2.806349384351008
79.2,25+,2.249613417455499,2.513588619101601,2.8085393237134157
79.30000000000001,25+,2.25099003018158,2.51533733720701,2.810728539493921
79.4,25+,2.2523659554328725,2.5170853282606864,2.8129170281867326
79.5,25+,2.25374119145862,2.5188325897419626,2.8151047862953744
79.60000000000001,25+,2.255115736514522,2.52057911913806,2.817291810332718
79.7,25+,2.2564895888627405,2.5223249139441033,2.8194780968210034
79.80000000000001,25+,2.2578627467719197,2.5240699716631454,2.8216636422918744
79.9,25+,2.259235208517182,2.525814289806172,2.823848443286394
80,25+,2.260606972380149,2.52755786589213,2.8260324963550825
80.10000000000001,25+,2.2619780366489457,2.5293006974479364,2.8282157980579337
80.2,25+,2.2633483996182067,2.5310427820084938,2.8303983449644443
80.30000000000001,25+,2.2647180595890917,2.532784117116712,2.832580133653639
80.4,25+,2.2660870148692895,2.5345247003235167,2.8347611607140974
80.5,25+,2.267455263773026,2.536264529187868,2.836941422743972
80.60000000000001,25+,2.2688228046210774,2.538003601276776,2.8391209163510203
80.7,25+,2.270189635740772,2.539741914165314,2.8412996381526248
80.80000000000001,25+,2.2715557554660015,2.5414794654366326,2.843477584775816
80.9,25+,2.2729211621372305,2.5432162526819746,2.8456547528572993
81,25+,2.2742858541014996,2.5449522735006904,2.8478311390434734
81.10000000000001,25+,2.275649829712437,2.5466875255002495,2.8500067399904583
81.2,25+,2.277013087330263,2.548422006296256,2.852181552364114
81.30000000000001,25+,2.278375625321799,2.55015571351246,2.854355572840064
81.4,25+,2.2797374420604717,2.5518886447807727,2.85652879810372
81.5,25+,2.281098535926323,2.5536207977412766,2.858701224850295
81.60000000000001,25+,2.282458905306015,2.555352170042244,2.86087284978484
81.7,25+,2.2838185485928366,2.5570827593401417,2.863043669622248
81.80000000000001,25+,2.285177464186709,2.5588125632996475,2.8652136810872864
81.9,25+,2.2865356504941934,2.5605415795936626,2.867382880914614
82,25+,2.2878931059284953,2.5622698059033233,2.8695512658487994
82.10000000000001,25+,2.2892498289094716,2.5639972399180113,2.871718832644347
82.2,25+,2.2906058178636344,2.565723879335363,2.873885578065708
82.30000000000001,25+,2.2919610712241587,2.567449721861288,2.876051498887309
82.4,25+,2.2933155874308855,2.569174765209971,2.8782165918935636
82.5,25+,2.2946693649303276,2.5708990071038884,2.880380853878896
82.60000000000001,25+,2.2960224021756765,2.57262244527382,2.882544281647759
82.7,25+,2.2973746976268026,2.5743450774588506,2.884706872014649
82.80000000000001,25+,2.2987262497502656,2.5760669014063913,2.8868686218041306
82.9,25+,2.3000770570193136,2.5777879148721823,2.889029527850847
83,25+,2.3014271179138905,2.5795081156203037,2.891189586999543
83.10000000000001,25+,2.3027764309206407,2.581227501423187,2.893348796105081
83.2,25+,2.3041249945329083,2.5829460700616216,2.895507152032454
83.30000000000001,25+,2.305472807250748,2.5846638193247657,2.897664651656809
83.4,25+,2.306819867580923,2.586380747010156,2.899821291863462
83.5,25+,2.308166174036911,2.588096850923713,2.901977069547906
83.60000000000001,25+,2.309511725138908,2.589812128879753,2.904131981615842
83.7,25+,2.3108565194138295,2.5915265787009942,2.9062860249831775
83.80000000000001,25+,2.312200555395315,2.5932401982185653,2.908439196576057
83.9,25+,2.31354383162373,2.594952985272012,2.910591493330867
84,25+,2.3148863466461713,2.59666493770931,2.912742912194258
84.10000000000001,25+,2.3162280990164645,2.5983760533868634,2.914893450123152
84.2,25+,2.3175690872951735,2.6000863301695207,2.917043104084764
84.30000000000001,25+,2.318909310049595,2.6017957659305755,2.91919187105661
84.4,25+,2.3202487658537674,2.6035043585517776,2.9213397480265253
84.5,25+,2.321587453288468,2.605212105923336,2.9234867319926767
84.60000000000001,25+,2.3229253709412174,2.60691900594393,2.9256328199635746
84.7,25+,2.324262517406281,2.608625056520709,2.927778008958087
84.80000000000001,25+,2.3255988912846695,2.6103302555693055,2.9299222960054543
84.9,25+,2.3269344911841405,2.612034601013836,2.932065678145297
85,25+,2.328269315719202,2.6137380907869083,2.934208152427634
85.10000000000001,25+,2.329603363511111,2.6154407228296277,2.93634971591289
85.2,25+,2.330936633187874,2.6171424950916005,2.9384903656719095
85.30000000000001,25+,2.332269123384251,2.6188434055309404,2.940630098785969
85.4,25+,2.333600832741753,2.620543452114274,2.942768912346784
85.5,25+,2.3349317599086428,2.622242632816743,2.944906803456527
85.60000000000001,25+,2.33626190353994,2.623940945622012,2.9470437692278337
85.7,25+,2.3375912622974155,2.6256383885222703,2.949179806783814
85.80000000000001,25+,2.338919834849594,2.627334959518236,2.951314913258063
85.9,25+,2.3402476198717546,2.629030656619163,2.9534490857946705
86,25+,2.3415746160459294,2.6307254778428404,2.9555823215482335
86.10000000000001,25+,2.3429008220609044,2.6324194212155994,2.957714617683861
86.2,25+,2.344226236612219,2.634112484772316,2.959845971377188
86.30000000000001,25+,2.345550858402166,2.635804666556414,2.961976379814384
86.4,25+,2.3468746861397856,2.637495964619864,2.964105840192154
86.5,25+,2.348197718540876,2.6391863770231976,2.9662343497177637
86.60000000000001,25+,2.34951995432798,2.640875901835496,2.96836190560903
86.7,25+,2.350841392230392,2.6425645371344024,2.9704885050943415
86.80000000000001,25+,2.352162030984155,2.644252281006121,2.9726141454126607
86.9,25+,2.3534818693320556,2.645939131545416,2.974738823813531
87,25+,2.354800906023629,2.647625086855622,2.976862537557091
87.10000000000001,25+,2.3561191398151533,2.649310145048636,2.978985283914074
87.2,25+,2.3574365694696464,2.6509943042449273,2.981107060165817
87.30000000000001,25+,2.3587531937568693,2.652677562573533,2.983227863604271
87.4,25+,2.36006901145332,2.654359918172061,2.985347691532006
87.5,25+,2.361384021342233,2.6560413691866955,2.9874665412622132
87.60000000000001,25+,2.362698222213575,2.65772191377219,2.989584410118717
87.7,25+,2.364011612864047,2.6594015500918737,2.991701295435976
87.80000000000001,25+,2.365324192097079,2.6610802763176515,2.9938171945590923
87.9,25+,2.3666359587228256,2.662758090630003,2.995932104843816
88,25+,2.3679469115581675,2.6644349912179823,2.998046023656549
88.10000000000001,25+,2.369257049426705,2.666110976279221,3.0001589483743505
88.2,25+,2.370566371158758,2.6677860440199246,3.002270876384943
88.30000000000001,25+,2.3718748755913612,2.6694601926548756,3.0043818050867164
88.4,25+,2.373182561568261,2.6711334204074286,3.0064917318887283
88.5,25+,2.3744894279399142,2.6728057255095172,3.0086006542107175
88.60000000000001,25+,2.3757954735634805,2.6744771062016444,3.0107085694830964
88.7,25+,2.377100697302824,2.676147560732889,3.012815475146965
88.80000000000001,25+,2.378405098028505,2.677817087360898,3.0149213686541065
88.9,25+,2.37970867461778,2.6794856843518935,3.017026247466994
89,25+,2.381011425954598,2.681153349980665,3.0191301090587945
89.10000000000001,25+,2.382313350929587,2.6828200825305655,3.0212329509133684
89.2,25+,2.383614448440067,2.6844858802935216,3.023334770525276
89.30000000000001,25+,2.384914717390033,2.6861507415700197,3.025435565399777
89.4,25+,2.386214156690152,2.6878146646691077,3.0275353330528345
89.5,25+,2.387512765257764,2.689477647908397,3.0296340710111145
89.60000000000001,25+,2.3888105420168713,2.6911396896140527,3.0317317768119887
89.7,25+,2.3901074858981395,2.6928007881207985,3.0338284480035393
89.80000000000001,25+,2.391403595838889,2.69446094177191,3.035924082144556
89.9,25+,2.39269887078309,2.6961201489192117,3.038018676804537
90,25+,2.3939933096813615,2.6977784079230767,3.040112229563694
90.1,25+,2.395286911490961,2.6994357171524217,3.0422047380129507
90.2,25+,2.396579675175783,2.701092074984703,3.04429619975394
90.3,25+,2.397871599706353,2.7027474798059172,3.046386612399012
90.4,25+,2.39916268405982,2.704401930010592,3.0484759735712252
90.5,25+,2.400452927219954,2.706055424001787,3.050564280904354
90.6,25+,2.401742328177141,2.7077079601910894,3.052651532042883
90.7,25+,2.4030308859283713,2.709359536998607,3.0547377246420107
90.8,25+,2.40431859947724,2.711010152852968,3.0568228563676447
90.9,25+,2.40560546783394,2.7126598061913128,3.058906924896404
91,25+,2.406891490015252,2.7143084954592935,3.0609899279156156
91.1,25+,2.408176665044545,2.7159562191110695,3.0630718631233194
91.2,25+,2.4094609919517636,2.717602975609297,3.065152728228255
91.3,25+,2.410744469773427,2.719248763425132,3.067232520949872
91.4,25+,2.4120270975526172,2.720893581038219,3.0693112390183193
91.5,25+,2.4133088743389783,2.722537426936692,3.071388880174451
91.6,25+,2.4145897991887058,2.7241802996171605,3.073465442169817
91.7,25+,2.4158698711645417,2.725822197584717,3.0755409227666637
91.8,25+,2.417149089335767,2.727463119352919,3.0776153197379337
91.9,25+,2.4184274527781953,2.729103063443788,3.079688630867258
92,25+,2.419704960574165,2.7307420283878088,3.081760853948955
92.1,25+,2.420981611812535,2.732380012723916,3.0838319867880344
92.2,25+,2.422257405588673,2.7340170149994925,3.08590202720018
92.3,25+,2.423532341004451,2.7356530337703604,3.0879709730117564
92.4,25+,2.42480641716824,2.7372880676007787,3.090038822059805
92.5,25+,2.4260796331948984,2.7389221150634335,3.092105572192034
92.6,25+,2.4273519882057664,2.7405551747394328,3.09417122126682
92.7,25+,2.428623481328658,2.742187245218298,3.096235767153202
92.8,25+,2.429894111697856,2.7438183250979633,3.098299207730878
92.9,25+,2.4311638784540985,2.74544841298476,3.100361540890196
93,25+,2.432432780744578,2.747077507493414,3.1024227645321547
93.1,25+,2.433700817722927,2.748705607247043,3.1044828765683974
93.2,25+,2.434967988549215,2.7503327108771383,3.106541874921203
93.3,25+,2.436234292389937,2.751958817023569,3.108599757523487
93.4,25+,2.437499728418006,2.753583924334566,3.11065652231879
93.5,25+,2.4387642958127476,2.75520803146672,3.112712167261275
93.6,25+,2.440027993759888,2.7568311370849696,3.114766690315725
93.7,25+,2.441290821451545,2.758453239862595,3.1168200894575273
93.8,25+,2.4425527780862244,2.7600743384812114,3.118872362672678
93.9,25+,2.443813862868806,2.76169443163076,3.120923507957771
94,25+,2.44507407501054,2.763313518009498,3.1229735233199887
94.1,25+,2.4463334137290316,2.764931596323993,3.125022406777102
94.2,25+,2.4475918782482378,2.766548665289111,3.1270701563574588
94.3,25+,2.448849467798458,2.768164723628013,3.129116770099976
94.4,25+,2.4501061816163223,2.7697797700721423,3.131162246054138
94.5,25+,2.4513620189447827,2.7713938033612155,3.133206582279984
94.6,25+,2.4526169790331065,2.7730068222432154,3.1352497768481027
94.7,25+,2.4538710611368657,2.7746188254743824,3.1372918278396256
94.8,25+,2.455124264517926,2.776229811819202,3.1393327333462175
94.9,25+,2.45637658844444,2.7778397800504018,3.141372491470071
95,25+,2.4576280321908355,2.7794487289489327,3.1434111003238927
95.1,25+,2.458878595037809,2.7810566573039703,3.145448558030904
95.2,25+,2.460128276272313,2.7826635639128963,3.1474848627248244
95.3,25+,2.461377075187546,2.784269447581293,3.149520012549869
95.4,25+,2.4626249910829467,2.7858743071229344,3.1515540056607336
95.5,25+,2.463872023264181,2.787478141359774,3.153586840222595
95.6,25+,2.4651181710431316,2.789080949121935,3.1556185144110915
95.7,25+,2.466363433737891,2.790682729247702,3.1576490264123223
95.8,25+,2.4676078106727464,2.792283480583507,3.159678374422832
95.9,25+,2.4688513011781765,2.7938832019839257,3.161706556649606
96,25+,2.470093904590836,2.7954818923116584,3.1637335713100576
96.1,25+,2.471335620253547,2.7970795504375277,3.1657594166320213
96.2,25+,2.4725764475152885,2.7986761752404625,3.1677840908537394
96.3,25+,2.4738163857311872,2.800271765607491,3.1698075922238553
96.4,25+,2.4750554342625044,2.801866320433724,3.1718299190014
96.5,25+,2.4762935924766283,2.803459838622351,3.1738510694557873
96.6,25+,2.4775308597470613,2.8050523190846253,3.1758710418667944
96.7,25+,2.4787672354534114,2.8066437607398536,3.1778898345245623
96.8,25+,2.4800027189813796,2.8082341625153844,3.1799074457295764
96.9,25+,2.4812373097227507,2.8098235233465982,3.1819238737926594
97,25+,2.4824710070753797,2.8114118421768928,3.1839391170349596
97.1,25+,2.483703810443186,2.8129991179576774,3.1859531737879414
97.2,25+,2.484935719236136,2.8145853496483544,3.187966042393371
97.3,25+,2.4861667328702377,2.8161705362163114,3.189977721203305
97.4,25+,2.487396850767526,2.8177546766369113,3.191988208580087
97.5,25+,2.488626072356054,2.819337769893475,3.19399750289632
97.6,25+,2.489854397069879,2.8209198149772745,3.1960056025348726
97.7,25+,2.4910818243490565,2.8225008108875196,3.198012505888855
97.8,25+,2.4923083536396193,2.8240807566313415,3.200018211361608
97.9,25+,2.4935339843935775,2.8256596512237873,3.2020227173666993
98,25+,2.4947587160688993,2.8272374936878033,3.2040260223278993
98.1,25+,2.495982548129503,2.8288142830542253,3.2060281246791797
98.2,25+,2.497205480045242,2.830390018361761,3.208029022864692
98.3,25+,2.4984275112919,2.831964698656987,3.2100287153387623
98.4,25+,2.4996486413511683,2.833538322994322,3.21202720056587
98.5,25+,2.500868869710648,2.8351108904360296,3.214024477020646
98.6,25+,2.502088195863826,2.8366824000521964,3.2160205431878497
98.7,25+,2.50330661931007,2.8382528509207177,3.218015397562359
98.8,25+,2.5045241395546145,2.83982224212729,3.22000903864916
98.9,25+,2.505740756108549,2.841390572765397,3.2220014649633315
99,25+,2.5069564684888057,2.8429578419362915,3.2239926750300283
99.1,25+,2.5081712762181487,2.844524048748989,3.225982667384473
99.2,25+,2.5093851788251618,2.84608919232025,3.227971440571939
99.3,25+,2.510598175844234,2.8476532717745657,3.2299589931477386
99.4,25+,2.511810266815551,2.8492162862441512,3.2319453236772047
99.5,25+,2.5130214512850793,2.850778234868922,3.233930430735682
99.6,25+,2.5142317288045577,2.8523391167964913,3.235914312908515
99.7,25+,2.5154410989314804,2.8538989311821443,3.237896968791018
99.8,25+,2.5166495612290896,2.855457677188838,3.2398783969884826
99.9,25+,2.5178571152663607,2.8570153539871743,3.241858596116149
100,25+,2.519063760617988,2.858571960755395,3.2438375647991906
100.1,25+,2.5202694968643757,2.8601274966793664,3.2458153016727116
100.2,25+,2.521474323591624,2.8616819609525597,3.247791805381718
100.3,25+,2.5226782403915147,2.863235352776044,3.24976707458111
100.4,25+,2.523881246861501,2.864787671358467,3.251741107935666
100.5,25+,2.525083342604694,2.8663389159160446,3.253713904120027
100.6,25+,2.5262845272298504,2.867889085672545,3.255685461818682
100.7,25+,2.52748480035136,2.869438179859273,3.25765577972595
100.8,25+,2.528684161589229,2.8709861977150557,3.2596248565459676
100.9,25+,2.5298826105690733,2.872533138486229,3.261592690992671
101,25+,2.5310801469221023,2.874079001426627,3.2635592817897834
101.1,25+,2.532276770285105,2.875623785797557,3.265524627670796
101.2,25+,2.53347248030044,2.877167490867796,3.2674887273789537
101.3,25+,2.5346672766160196,2.878710115913566,3.269451579667238
101.4,25+,2.535861158885299,2.8802516602185313,3.271413183298352
101.5,25+,2.537054126767262,2.8817921230737684,3.2733735370447055
101.6,25+,2.5382461799264084,2.8833315037777645,3.2753326396883944
101.7,25+,2.539437318032739,2.884869801636394,3.277290490021188
101.8,25+,2.5406275407617467,2.886407015962907,3.2792470868445123
101.9,25+,2.541816847794398,2.8879431460779146,3.2812024289694324
102,25+,2.543005238817124,2.8894781913093706,3.2831565152166333
102.1,25+,2.5441927135218045,2.8910121509925597,3.2851093444164112
102.2,25+,2.5453792716057566,2.892545024470079,3.2870609154086456
102.3,25+,2.5465649127717196,2.8940768110918267,3.2890112270427925
102.4,25+,2.547749636727842,2.895607510214981,3.2909602781778604
102.5,25+,2.548933443187669,2.8971371212039907,3.2929080676823976
102.6,25+,2.5501163318701288,2.8986656434305553,3.294854594434472
102.7,25+,2.551298302499517,2.90019307627361,3.2967998573216533
102.8,25+,2.552479354805487,2.9017194191193116,3.2987438552409998
102.9,25+,2.553659488523033,2.9032446713610214,3.3006865870990394
103,25+,2.554838703392477,2.9047688323992915,3.3026280518117463
103.1,25+,2.556016999159458,2.906291901641847,3.3045682483045344
103.2,25+,2.557194375574914,2.907813878503567,3.3065071755122273
103.3,25+,2.55837083239507,2.909334762406478,3.30844483237905
103.4,25+,2.5595463693814273,2.9108545527797265,3.3103812178586054
103.5,25+,2.5607209863007463,2.9123732490595735,3.312316330913863
103.6,25+,2.5618946829250326,2.9138908506893704,3.314250170517131
103.7,25+,2.563067459031525,2.9154073571195465,3.3161827356500475
103.8,25+,2.564239314402681,2.9169227678075917,3.318114025303553
103.9,25+,2.5654102488261614,2.918437082218043,3.320044038477884
104,25+,2.5665802620948206,2.9199502998224633,3.321972774182544
104.1,25+,2.5677493540066876,2.9214624200994286,3.3239002314362898
104.2,25+,2.5689175243649554,2.922973442534513,3.3258264092671133
104.3,25+,2.570084772977967,2.924483366620268,3.3277513067122233
104.4,25+,2.5712510996591975,2.925992191856207,3.3296749228180205
104.5,25+,2.5724165042272475,2.927499917748793,3.331597256640091
104.6,25+,2.5735809865058203,2.929006543811417,3.333518307243173
104.7,25+,2.5747445463237155,2.930512069564383,3.335438073701152
104.8,25+,2.5759071835148095,2.932016494534893,3.3373565550970317
104.9,25+,2.5770688979180436,2.933519818257027,3.3392737505229153
105,25+,2.5782296893774124,2.935022040271733,3.3411896590799977
105.1,25+,2.5793895577419437,2.9365231601267996,3.343104279878532
105.2,25+,2.5805485028656907,2.93802317737685,3.345017612037819
105.3,25+,2.5817065246077116,2.939522091583317,3.3469296546861846
105.4,25+,2.5828636228320625,2.9410199023144323,3.3488404069609627
105.5,25+,2.584019797407775,2.942516609145203,3.3507498680084726
105.6,25+,2.58517504820885,2.9440122116574017,3.3526580369840016
105.7,25+,2.586329375114237,2.945506709439545,3.3545649130517883
105.8,25+,2.5874827780078253,2.9470001020868786,3.3564704953849978
105.9,25+,2.588635256778424,2.9484923892013577,3.358374783165702
106,25+,2.58978681131975,2.9499835703916304,3.3602777755848656
106.1,25+,2.5909374415304205,2.951473645273027,3.3621794718423237
106.2,25+,2.5920871473139244,2.952962613467531,3.3640798711467568
106.3,25+,2.593235928578621,2.9544504746037727,3.3659789727156793
106.4,25+,2.594383785237719,2.9559372283170062,3.367876775775414
106.5,25+,2.5955307172092623,2.957422874249092,3.3697732795610733
106.6,25+,2.5966767244161195,2.9589074120484833,3.3716684833165385
106.7,25+,2.597821806785966,2.9603908413702085,3.373562386294445
106.8,25+,2.598965964251269,2.9618731618758463,3.375454987756151
106.9,25+,2.600109196749276,2.9633543732335186,3.377346286971732
107,25+,2.601251504221998,2.964834475117866,3.379236283219944
107.1,25+,2.6023928866161974,2.9663134672100364,3.381124975788221
107.2,25+,2.60353334388337,2.9677913491976597,3.3830123639726373
107.3,25+,2.604672875979732,2.9692681207748355,3.3848984470779
107.4,25+,2.6058114828662085,2.970743781642115,3.3867832244173197
107.5,25+,2.6069491645084137,2.9722183315064847,3.388666695312798
107.6,25+,2.6080859208766407,2.9736917700813432,3.3905488590948027
107.7,25+,2.6092217519458436,2.9751640970864903,3.392429715102342
107.8,25+,2.610356657695626,2.976635312248106,3.394309262682955
107.9,25+,2.6114906381102236,2.978105415298734,3.396187501192682
108,25+,2.6126236931784934,2.979574405977261,3.3980644299960483
108.1,25+,2.6137558228938933,2.9810422840289035,3.399940048466042
108.2,25+,2.614887027254473,2.9825090492051864,3.401814355984089
108.3,25+,2.616017306262856,2.983974701263927,3.4036873519400417
108.4,25+,2.6171466599262274,2.9854392399692173,3.40555903573215
108.5,25+,2.6182750882563175,2.986902665091407,3.407429406767042
108.6,25+,2.6194025912693877,2.988364976407081,3.409298464459704
108.7,25+,2.6205291689862142,2.989826173699047,3.4111662082334604
108.8,25+,2.6216548214320787,2.991286256756318,3.4130326375199505
108.9,25+,2.6227795486367462,2.992745225374086,3.414897751759107
109,25+,2.6239033506344556,2.9942030793537144,3.416761550399136
109.1,25+,2.625026227463905,2.995659818502718,3.418624032896499
109.2,25+,2.6261481791682324,2.9971154426347364,3.4204851987158844
109.3,25+,2.627269205795006,2.9985699515695248,3.42234504733019
109.4,25+,2.6283893073962084,3.000023345132937,3.424203578220506
109.5,25+,2.629508484028219,3.001475623156898,3.4260607908760834
109.6,25+,2.630626735751802,3.0029267854793975,3.427916684794321
109.7,25+,2.6317440626320936,3.0043768319444637,3.429771259480746
109.8,25+,2.632860464738582,3.005825762402147,3.4316245144489796
109.9,25+,2.6339759421450952,3.0072735767085046,3.433476449220727
110,25+,2.635090494929788,3.008720274725579,3.4353270633257553
110.1,25+,2.6362041231751263,3.0101658563213824,3.4371763563018667
110.2,25+,2.6373168269678704,3.0116103213698775,3.43902432769488
110.3,25+,2.6384286063990614,3.0130536697509585,3.4408709770586072
110.4,25+,2.6395394615640084,3.014495901350435,3.4427163039548327
110.5,25+,2.640649392562271,3.0159370160600125,3.444560307953294
110.6,25+,2.6417583994976463,3.017377013777274,3.4464029886316543
110.7,25+,2.6428664824781523,3.018815894405663,3.4482443455754863
110.8,25+,2.643973641616018,3.020253657854465,3.450084378378249
110.9,25+,2.64507987702766,3.0216903040387857,3.4519230866412625
111,25+,2.6461851888336754,3.0231258328795394,3.4537604699736884
111.1,25+,2.6472895771588267,3.0245602443034274,3.4555965279925127
111.2,25+,2.64839304213202,3.025993538242916,3.4574312603225117
111.3,25+,2.6494955838862997,3.0274257146362267,3.4592646665962454
111.4,25+,2.650597202558826,3.028856773427308,3.461096746454021
111.5,25+,2.651697898290866,3.0302867145658285,3.462927499543885
111.6,25+,2.6527976712277734,3.0317155380071465,3.4647569255215847
111.7,25+,2.6538965215189783,3.0331432437122996,3.4665850240505622
111.8,25+,2.6549944493179716,3.034569831647987,3.4684117948019253
111.9,25+,2.6560914547822874,3.035995301786545,3.470237237454419
112,25+,2.657187538073493,3.0374196541059346,3.4720613516944177
112.1,25+,2.658282699357169,3.0388428885897194,3.4738841372158915
112.2,25+,2.6593769388028985,3.0402650052270492,3.475705593720386
112.3,25+,2.6604702565842513,3.0416860040126426,3.4775257209170056
112.4,25+,2.6615626528787675,3.043105884946765,3.4793445185223844
112.5,25+,2.6626541278679454,3.0445246480352144,3.481161986260669
112.6,25+,2.663744681737226,3.045942293289301,3.4829781238634956
112.7,25+,2.6648343146759768,3.0473588207258286,3.484792931069963
112.8,25+,2.665923026877478,3.0487742303670764,3.486606407626616
112.9,25+,2.667010818538909,3.0501885222407816,3.488418553287422
113,25+,2.668097689861333,3.051601696380121,3.490229367813745
113.1,25+,2.6691836410496803,3.0530137528236914,3.492038850974327
113.2,25+,2.6702686723127367,3.0544246916154907,3.4938470025452673
113.3,25+,2.671352783863128,3.0558345128049043,3.495653822309994
113.4,25+,2.6724359759173035,3.0572432164466803,3.497459310059247
113.5,25+,2.673518248695524,3.058650802600914,3.499263465591051
113.6,25+,2.6745996024218446,3.060057271333032,3.5010662887107005
113.7,25+,2.6756800373241023,3.0614626227137696,3.5028677792307295
113.8,25+,2.6767595536338997,3.062866856819154,3.5046679369708915
113.9,25+,2.677838151586592,3.0642699737304877,3.506466761758141
114,25+,2.678915831421271,3.065671973534328,3.5082642534266064
114.1,25+,2.6799925933807502,3.0670728563224694,3.5100604118175696
114.2,25+,2.6810684377115535,3.0684726221919263,3.5118552367794416
114.3,25+,2.6821433646638937,3.0698712712449097,3.5136487281677424
114.4,25+,2.683217374491666,3.0712688035888176,3.515440885845078
114.5,25+,2.6842904674524295,3.072665219336209,3.517231709681117
114.6,25+,2.685362643807392,3.0740605186047905,3.5190211995525713
114.7,25+,2.6864339038213947,3.075454701517392,3.5208093553431654
114.8,25+,2.6875042477629023,3.076847768201955,3.522596176943624
114.9,25+,2.688573675903985,3.078239718791512,3.524381664251644
115,25+,2.6896421885203017,3.079630553424165,3.5261658171718713
115.1,25+,2.6907097858910913,3.081020272243073,3.5279486356158825
115.2,25+,2.6917764682991545,3.0824088753964283,3.529730119502158
115.3,25+,2.6928422360308386,3.08379636303744,3.531510268756062
115.4,25+,2.6939070893760273,3.0851827353243193,3.5332890833098203
115.5,25+,2.6949710286281183,3.0865679924202523,3.5350665631024913
115.6,25+,2.6960340540840204,3.0879521344933942,3.536842708079956
115.7,25+,2.697096166044126,3.0893351617168374,3.538617518194882
115.8,25+,2.6981573648123103,3.090717074268608,3.540390993406715
115.9,25+,2.699217650695903,3.0920978723316304,3.5421631336816404
116,25+,2.7002770240056853,3.093477556093726,3.543933938992574
116.1,25+,2.7013354850558686,3.094856125747583,3.5457034093191298
116.2,25+,2.7023930341640847,3.0962335814907447,3.5474715446476086
116.3,25+,2.703449671651367,3.0976099235255865,3.5492383449709624
116.4,25+,2.70450539784214,3.098985152059302,3.551003810288781
116.5,25+,2.7055602130642016,3.100359267303882,3.552767940607268
116.6,25+,2.706614117648712,3.1017322694760967,3.554530735939213
116.7,25+,2.7076671119301796,3.1031041587974824,3.5562921963039784
116.8,25+,2.708719196246441,3.1044749354943115,3.558052321727466
116.9,25+,2.709770370938654,3.1058445997975856,3.559811112242103
117,25+,2.710820636351279,3.107213151943017,3.5615685678868183
117.1,25+,2.7118699928320655,3.108580592171,3.563324688707012
117.2,25+,2.7129184407320395,3.1099469207266055,3.5650794747545445
117.3,25+,2.713965980405488,3.111312137859556,3.5668329260877085
117.4,25+,2.7150126122099416,3.1126762438242044,3.5685850427711987
117.5,25+,2.71605833650617,3.1140392388795277,3.5703358248761083
117.6,25+,2.717103153658156,3.1154011232890957,3.572085272479889
117.7,25+,2.718147064033089,3.11676189732106,3.573833385666332
117.8,25+,2.719190068001347,3.118121561248136,3.5755801645255545
117.9,25+,2.7202321659364888,3.1194801153475824,3.577325609153968
118,25+,2.7212733582152295,3.1208375599011844,3.579069719654257
118.1,25+,2.7223136452174344,3.122193895195235,3.5808124961353616
118.2,25+,2.723353027326104,3.1235491215205182,3.5825539387124476
118.3,25+,2.7243915049273584,3.1249032391722915,3.5842940475068943
118.4,25+,2.7254290784104223,3.126256248450264,3.5860328226462586
118.5,25+,2.726465748167613,3.1276081496585832,3.5877702642642664
118.6,25+,2.7275015145943255,3.1289589431058142,3.5895063725007788
118.7,25+,2.7285363780890197,3.130308629104925,3.5912411475017776
118.8,25+,2.7295703390532036,3.1316572079732623,3.592974589419339
118.9,25+,2.730603397891424,3.1330046800325415,3.5947066984116116
119,25+,2.731635555011245,3.134351045608821,3.596437474642792
119.1,25+,2.7326668108232464,3.1356963050324924,3.598166918283113
119.2,25+,2.7336971657409963,3.137040458638257,3.5998950295088052
119.3,25+,2.734726620181045,3.1383835067651065,3.601621808502085
119.4,25+,2.7357551745629083,3.139725449756312,3.6033472554511263
119.5,25+,2.7367828293090577,3.1410662879594016,3.605071370550052
119.6,25+,2.7378095848449022,3.142406021726144,3.606794153998892
119.7,25+,2.7388354415987757,3.143744651412526,3.608515606003572
119.8,25+,2.739860400001925,3.1450821773787467,3.6102357267758935
119.9,25+,2.7408844604884925,3.1464185999891856,3.611954516533504
120,25+,2.7419076234955067,3.1477539196123927,3.6136719754998783
120.1,25+,2.7429298894628653,3.1490881366210717,3.615388103904298
120.2,25+,2.7439512588333237,3.150421251392059,3.617102901981829
120.3,25+,2.7449717320524787,3.151753264306306,3.6188163699732927
120.4,25+,2.745991309568759,3.153084175748864,3.620528508125256
120.5,25+,2.747009991833407,3.1544139861088674,3.622239316689997
120.6,25+,2.748027779300468,3.155742695779509,3.623948795925488
120.7,25+,2.7490446724267765,3.1570703051580327,3.625656946095378
120.8,25+,2.75006067167194,3.158396814645707,3.6273637674689607
120.9,25+,2.751075777498332,3.159722224647815,3.6290692603211623
121,25+,2.7520899903710694,3.16104653557363,3.630773424932511
121.1,25+,2.7531033107580054,3.1623697478364026,3.632476261589121
121.2,25+,2.7541157391297153,3.163691861853343,3.6341777705826703
121.3,25+,2.755127275959481,3.1650128780455997,3.635877952210369
121.4,25+,2.756137921723278,3.166332796838247,3.637576806774953
121.5,25+,2.7571476768997645,3.167651618660267,3.6392743345846505
121.6,25+,2.758156541970267,3.168969343944528,3.6409705359531648
121.7,25+,2.7591645174187613,3.1702859731277706,3.6426654111996495
121.8,25+,2.7601716037318704,3.171601506650592,3.644358960648689
121.9,25+,2.76117780139884,3.1729159449574245,3.6460511846302768
122,25+,2.762183110911532,3.174229288496518,3.647742083479789
122.1,25+,2.763187532764409,3.1755415377199316,3.649431657537969
122.2,25+,2.764191067454522,3.176852693083504,3.651119907150904
122.3,25+,2.7651937154814963,3.1781627550468454,3.65280683267
122.4,25+,2.7661954773475164,3.179471724073313,3.654492434451959
122.5,25+,2.76719635355732,3.180779600630004,3.656176712858768
122.6,25+,2.768196344618176,3.1820863851877297,3.657859668257662
122.7,25+,2.7691954510398755,3.183392078220999,3.659541301021112
122.8,25+,2.7701936733347177,3.184696680208004,3.661221611526801
122.9,25+,2.771191012017503,3.186000191630608,3.662900600157605
123,25+,2.7721874676055074,3.187302612974316,3.664578267301565
123.1,25+,2.7731830406184823,3.18860394472827,3.6662546133518714
123.2,25+,2.774177731578632,3.1899041873852214,3.667929638706839
123.3,25+,2.775171541010607,3.191203341441524,3.6696033437698863
123.4,25+,2.7761644694414875,3.192501407397113,3.671275728949517
123.5,25+,2.777156517400773,3.1937983857554832,3.672946794659292
123.6,25+,2.778147685420366,3.1950942770236805,3.674616541317813
123.7,25+,2.779137974034563,3.196389081712279,3.6762849693487007
123.8,25+,2.78012738378004,3.1976828003353677,3.6779520791805713
123.9,25+,2.7811159151958376,3.198975433410533,3.6796178712470176
124,25+,2.782103568823352,3.20026698145884,3.681282345986583
124.1,25+,2.7830903452063205,3.2015574450048185,3.682945503842748
124.2,25+,2.784076244890807,3.2028468245764428,3.684607345263899
124.3,25+,2.785061268425192,3.20413512070512,3.6862678707033174
124.4,25+,2.7860454163601593,3.205422333925669,3.687927080619148
124.5,25+,2.787028689248682,3.2067084647763053,3.6895849754743857
124.6,25+,2.788011087646012,3.207993513798627,3.691241555736853
124.7,25+,2.7889926121096655,3.209277481537594,3.6928968218791742
124.8,25+,2.7899732631994096,3.210560368541512,3.694550774378759
124.9,25+,2.790953041477254,3.2118421753620217,3.6962034137177784
125,25+,2.791931947507434,3.2131229025540735,3.697854740383147
125.1,25+,2.7929099818563987,3.2144025506759193,3.6995047548665
125.2,25+,2.793887145092804,3.2156811202890916,3.70115345766417
125.3,25+,2.794863437787489,3.216958611958385,3.702800849277167
125.4,25+,2.795838860513476,3.2182350262518464,3.704446930211163
125.5,25+,2.796813413845949,3.219510363740754,3.7060917009764633
125.6,25+,2.7977870983622477,3.2207846249996046,3.707735162087992
125.7,25+,2.798759914641848,3.222057810606088,3.709377314065261
125.8,25+,2.799731863266358,3.2233299211410857,3.711018157432364
125.9,25+,2.8007029448194984,3.2246009571886427,3.712657692717943
126,25+,2.8016731598870948,3.2258709193359545,3.714295920455175
126.1,25+,2.8026425090570655,3.2271398081733564,3.715932841181748
126.2,25+,2.8036109929194044,3.228407624294297,3.71756845543984
126.3,25+,2.804578612066175,3.2296743682953317,3.719202763776097
126.4,25+,2.805545367091495,3.2309400407761024,3.720835766741621
126.5,25+,2.806511258591523,3.232204642339322,3.722467464891937
126.6,25+,2.8074762871644507,3.2334681735907584,3.7240978587869806
126.7,25+,2.8084404534104865,3.2347306351392175,3.725726948991075
126.8,25+,2.8094037579318467,3.2359920275965313,3.727354736072913
126.9,25+,2.8103662013327395,3.2372523515775344,3.728981220605527
127,25+,2.811327784219358,3.238511607700059,3.730606403166286
127.1,25+,2.8122885071998636,3.2397697965849077,3.732230284336855
127.2,25+,2.8132483708843776,3.2410269188558467,3.733852864703191
127.3,25+,2.814207375884969,3.2422829751395836,3.735474144855517
127.4,25+,2.8151655228156383,3.2435379660657566,3.7370941253882934
127.5,25+,2.8161228122923125,3.244791892266916,3.738712806900213
127.6,25+,2.817079244932826,3.246044754378508,3.7403301899941694
127.7,25+,2.818034821356916,3.2472965530388627,3.741946275277241
127.8,25+,2.8189895421862055,3.2485472888891733,3.74356106336067
127.9,25+,2.8199434080441934,3.249796962573487,3.7451745548598447
128,25+,2.820896419556242,3.251045574738682,3.7467867503942713
128.1,25+,2.8218485773495674,3.252293126034458,3.748397650587568
128.20000000000002,25+,2.8227998820532263,3.253539617113318,3.7500072560674287
128.3,25+,2.823750334298102,3.2547850486305534,3.751615567465614
128.4,25+,2.8246999347169015,3.2560294212442304,3.753222585417934
128.5,25+,2.825648683944131,3.2572727356151696,3.754828310564213
128.6,25+,2.826596582616094,3.258514992406937,3.756432743548285
128.70000000000002,25+,2.8275436313708786,3.259756192285825,3.7580358850179674
128.8,25+,2.8284898308483424,3.2609963359208356,3.75963773562504
128.9,25+,2.829435181690103,3.26223542398367,3.7612382960252297
129,25+,2.8303796845395266,3.2634734571487103,3.7628375668781846
129.1,25+,2.8313233400417195,3.2647104360930057,3.764435548847464
129.20000000000002,25+,2.8322661488435106,3.2659463614962547,3.766032242600506
129.3,25+,2.833208111593444,3.267181234040792,3.767627648808618
129.4,25+,2.834149228941768,3.2684150544115753,3.7692217681469553
129.5,25+,2.8350895015404243,3.269647823296168,3.770814601294497
129.6,25+,2.8360289300430317,3.270879541384721,3.772406148934027
129.70000000000002,25+,2.8369675151048814,3.2721102093699663,3.773996411752124
129.8,25+,2.8379052573829227,3.273339827947193,3.7755853904391294
129.9,25+,2.8388421575357503,3.274568397814239,3.7771730856891352
130,25+,2.839778216223598,3.275795919671473,3.778759498199965
130.1,25+,2.8407134341083227,3.2770223942217807,3.780344628673149
130.20000000000002,25+,2.8416478118533957,3.278247822170548,3.78192847781391
130.3,25+,2.8425813501238903,3.2794722042256494,3.783511046331144
130.4,25+,2.843514049586475,3.280695541097432,3.7850923349373993
130.5,25+,2.8444459109093954,3.2819178334986994,3.786672344348855
130.6,25+,2.8453769347624673,3.2831390821446975,3.7882510752853062
130.70000000000002,25+,2.846307121817071,3.2843592877531065,3.789828528470147
130.8,25+,2.8472364727461277,3.285578451044011,3.79140470463034
130.9,25+,2.848164988224102,3.286796572739904,3.792979604496413
131,25+,2.849092668926979,3.288013653565657,3.7945532288024224
131.1,25+,2.850019515532267,3.289229694248517,3.796125578285958
131.20000000000002,25+,2.8509455287189738,3.290444695518082,3.797696653688096
131.3,25+,2.851870709167603,3.291658658106297,3.7992664557534046
131.4,25+,2.852795057560141,3.2928715827474275,3.800834985229907
131.5,25+,2.8537185745800495,3.2940834701780592,3.8024022428690767
131.6,25+,2.85464126091225,3.295294321137072,3.8039682294258106
131.70000000000002,25+,2.8555631172431166,3.2965041363656304,3.80553294565841
131.8,25+,2.8564841442604636,3.2977129166071695,3.807096392328567
131.9,25+,2.8574043426535383,3.298920662607384,3.808658570201346
132,25+,2.858323713113006,3.300127375114206,3.810219480045156
132.1,25+,2.8592422563309388,3.3013330548777935,3.811779122631741
132.20000000000002,25+,2.8601599730008145,3.3025377026505263,3.8133374987361623
132.3,25+,2.8610768638174933,3.303741319186976,3.8148946091367737
132.4,25+,2.8619929294772173,3.304943905243904,3.8164504546152056
132.5,25+,2.862908170677594,3.306145461580243,3.81800503595635
132.6,25+,2.8638225881175896,3.307345988957081,3.8195583539483384
132.70000000000002,25+,2.8647361824975177,3.3085454881376535,3.821110409382526
132.8,25+,2.865648954519029,3.3097439598873244,3.82266120305347
132.9,25+,2.866560904885098,3.3109414049735735,3.8242107357589137
133,25+,2.867472034300018,3.312137824165981,3.825759008299769
133.1,25+,2.86838234346939,3.3133332182362207,3.827306021480099
133.20000000000002,25+,2.8692918331001067,3.3145275879580387,3.8288517761070975
133.3,25+,2.8702005039003513,3.3157209341072424,3.8303962729910728
133.4,25+,2.8711083565795783,3.3169132574616853,3.831939512945426
133.5,25+,2.8720153918485116,3.31810455880126,3.8334814967866406
133.6,25+,2.8729216104191293,3.3192948389078745,3.8350222253342583
133.70000000000002,25+,2.873827013004655,3.3204840985654465,3.836561699410864
133.8,25+,2.8747316003195467,3.321672338559885,3.8380999198420622
133.9,25+,2.875635373079492,3.3228595596790833,3.839636887456471
134,25+,2.876538332001389,3.324045762712896,3.8411726030856945
134.1,25+,2.877440477803347,3.3252309484531355,3.842707067564308
134.20000000000002,25+,2.878341811204668,3.326415117693553,3.844240281729842
134.3,25+,2.8792423329258394,3.327598271229823,3.8457722464227575
134.4,25+,2.880142043688529,3.3287804098595393,3.8473029624864457
134.5,25+,2.8810409442155676,3.329961534382192,3.848832430767189
134.6,25+,2.881939035230943,3.331141645599155,3.8503606521141536
134.70000000000002,25+,2.8828363174597937,3.332320744313686,3.851887627379381
134.8,25+,2.883732791628391,3.333498831330893,3.853413357417753
134.9,25+,2.884628458464137,3.3346759074577363,3.854937843086986
135,25+,2.885523318695552,3.3358519735030128,3.8564610852476138
135.1,25+,2.886417373052264,3.3370270302773366,3.857983084762963
135.20000000000002,25+,2.8873106222649985,3.338201078593132,3.859503842499141
135.3,25+,2.888203067065575,3.3393741192646207,3.8610233593250225
135.4,25+,2.8890947081868883,3.3405461531078045,3.8625416361122222
135.5,25+,2.8899855463629076,3.341717180940457,3.864058673735089
135.6,25+,2.89087558232866,3.342887203582108,3.865574473070681
135.70000000000002,25+,2.8917648168202263,3.3440562218540326,3.867089034998749
135.8,25+,2.892653250574728,3.3452242365792335,3.868602360401725
135.9,25+,2.893540884330323,3.3463912485824396,3.870114450164704
136,25+,2.894427718826188,3.3475572586900775,3.8716253051754177
136.1,25+,2.895313754802519,3.348722267730276,3.8731349263242354
136.20000000000002,25+,2.896198993000513,3.3498862765328363,3.8746433145041297
136.3,25+,2.897083434162366,3.3510492859292342,3.8761504706106713
136.4,25+,2.897967079031258,3.352211296752599,3.877656395542005
136.5,25+,2.898849928351349,3.353372309837703,3.8791610901988407
136.6,25+,2.8997319828677655,3.354532326020948,3.880664555484427
136.70000000000002,25+,2.9006132433265956,3.35569134614036,3.882166792304549
136.8,25+,2.9014937104748735,3.356849371035563,3.883667801567492
136.9,25+,2.90237338506058,3.3580064015477835,3.8851675841840496
137,25+,2.903252267832623,3.3591624385198204,3.8866661410674785
137.1,25+,2.9041303595408356,3.360317482796048,3.88816347313351
137.20000000000002,25+,2.9050076609359676,3.3614715352223956,3.8896595813003176
137.3,25+,2.9058841727696705,3.3626245966463393,3.891154466488505
137.4,25+,2.906759895794492,3.3637766679168823,3.892648129621083
137.5,25+,2.907634830763871,3.3649277498845556,3.894140571623472
137.6,25+,2.9085089784321214,3.366077843401394,3.895631793423465
137.70000000000002,25+,2.909382339554428,3.367226949320927,3.89712179595122
137.8,25+,2.9102549148868384,3.368375068498174,3.89861058013925
137.9,25+,2.9111267051862493,3.3695222017896227,3.9000981469223936
138,25+,2.9119977112104043,3.370668350053222,3.901584497237814
138.1,25+,2.9128679337178793,3.371813514148371,3.9030696320249736
138.20000000000002,25+,2.9137373734680785,3.3729576949359044,3.9045535522256167
138.3,25+,2.914606031221224,3.374100893278081,3.906036258783765
138.4,25+,2.915473907738344,3.375243110038573,3.907517752645683
138.5,25+,2.9163410037812687,3.376384346082455,3.908998034759884
138.6,25+,2.9172073201126216,3.3775246022761896,3.9104771060771
138.70000000000002,25+,2.9180728574958086,3.3786638794876205,3.91195496755027
138.8,25+,2.91893761669501,3.3798021785859538,3.913431620134524
138.9,25+,2.9198015984751735,3.380939500441753,3.91490706478717
139,25+,2.9206648036020035,3.3820758459269245,3.9163813024676775
139.1,25+,2.9215272328419557,3.383211215914703,3.9178543341376537
139.20000000000002,25+,2.922388886962227,3.38434561127965,3.9193261607608454
139.3,25+,2.923249766730746,3.3854790328976296,3.920796783303108
139.4,25+,2.9241098729161665,3.3866114816458066,3.922266202732396
139.5,25+,2.9249692062878605,3.3877429584026304,3.9237344200187527
139.6,25+,2.925827767615904,3.3888734640478253,3.9252014361342824
139.70000000000002,25+,2.926685557671078,3.3900029994623795,3.9266672520531496
139.8,25+,2.927542577224851,3.3911315655285317,3.928131868751553
139.9,25+,2.9283988270493793,3.3922591631297636,3.9295952872077176
140,25+,2.929254307917488,3.3933857931507836,3.931057508401873
140.1,25+,2.930109020602679,3.394511456477523,3.932518533316248
140.20000000000002,25+,2.9309629658791048,3.3956361539971143,3.9339783629350418
140.3,25+,2.9318161445215747,3.3967598865978927,3.935436998244426
140.4,25+,2.932668557305538,3.397882655169375,3.936894440232513
140.5,25+,2.933520205007082,3.3990044606022507,3.9383506898893534
140.6,25+,2.9343710884029197,3.400125303788379,3.9398057482069175
140.70000000000002,25+,2.9352212082703835,3.4012451856207626,3.9412596161790776
140.8,25+,2.936070565387418,3.402364106993554,3.9427122948015945
140.9,25+,2.9369191605325713,3.4034820688020297,3.9441637850721087
141,25+,2.937766994484986,3.4045990719425907,3.945614087990118
141.1,25+,2.9386140680243957,3.405715117312744,3.947063204556968
141.20000000000002,25+,2.939460381931112,3.406830205811097,3.9485111357758336
141.3,25+,2.9403059369860176,3.407944338337341,3.949957882651708
141.4,25+,2.9411507339705647,3.409057515792249,3.951403446191388
141.5,25+,2.9419947736667584,3.410169739077657,3.952847827403458
141.6,25+,2.9428380568571555,3.4112810090964576,3.9542910272982774
141.70000000000002,25+,2.9436805843248535,3.412391326752589,3.955733046887965
141.8,25+,2.944522356853483,3.4135006929510214,3.9571738871863817
141.9,25+,2.9453633752272035,3.4146091085977504,3.958613549209124
142,25+,2.946203640230693,3.4157165745997875,3.9600520339735064
142.1,25+,2.9470431526491403,3.4168230918651425,3.961489342498543
142.20000000000002,25+,2.947881913268239,3.417928661302824,3.9629254758049415
142.3,25+,2.9487199228741794,3.419033283822819,3.964360434915081
142.4,25+,2.9495571822536397,3.4201369603360843,3.9657942208530033
142.5,25+,2.950393692193781,3.421239691754544,3.967226834644397
142.6,25+,2.951229453482239,3.4223414789910707,3.9686582773165857
142.70000000000002,25+,2.9520644669071174,3.423442322959481,3.9700885498985135
142.8,25+,2.952898733256977,3.4245422245745174,3.9715176534207264
142.9,25+,2.9537322533208323,3.425641184751848,3.972945588915368
143,25+,2.9545650278881417,3.4267392044080496,3.974372357416153
143.1,25+,2.955397057748807,3.427836284460605,3.975797959958373
143.20000000000002,25+,2.956228343693154,3.428932425827879,3.977222397578858
143.3,25+,2.957058886511934,3.430027629429123,3.9786456713159826
143.4,25+,2.957888686996318,3.4311218961844605,3.9800677822096486
143.5,25+,2.958717745937882,3.432215227014871,3.98148873130126
143.6,25+,2.959546064128608,3.4333076228421913,3.982908519633728
143.70000000000002,25+,2.96037364236087,3.4343990845890957,3.9843271482514417
143.8,25+,2.961200481427431,3.435489613179089,3.9857446182002616
143.9,25+,2.962026582121437,3.4365792095365006,3.9871609305275073
144,25+,2.962851945236406,3.4376678745864715,3.988576086281943
144.1,25+,2.9636765715662237,3.438755609254943,3.989990086513764
144.20000000000002,25+,2.9645004619051365,3.4398424144686515,3.991402932274584
144.3,25+,2.9653236170477446,3.440928291155114,3.992814624617418
144.4,25+,2.966146037788993,3.442013240242623,3.994225164596676
144.5,25+,2.9669677249241664,3.443097262660233,3.995634553268148
144.6,25+,2.967788679248886,3.4441803593377553,3.99704279168899
144.70000000000002,25+,2.968608901559096,3.4452625312057448,3.998449880917707
144.8,25+,2.969428392651057,3.4463437791954883,3.999855822014147
144.9,25+,2.9702471533213495,3.4474241042390057,4.0012606160394855
145,25+,2.971065184366852,3.4485035072690273,4.002664264056213
145.1,25+,2.97188248658475,3.4495819892189963,4.004066767128122
145.20000000000002,25+,2.972699060772516,3.4506595510230467,4.00546812632029
145.3,25+,2.9735149077279077,3.451736193616007,4.006868342699076
145.4,25+,2.974330028248968,3.452811917933384,4.008267417332103
145.5,25+,2.9751444231340063,3.4538867249113516,4.00966535128824
145.6,25+,2.975958093181602,3.454960615486749,4.011062145637599
145.70000000000002,25+,2.9767710391905924,3.456033590597064,4.012457801451519
145.8,25+,2.9775832619600684,3.45710565118043,4.01385231980255
145.9,25+,2.9783947622893696,3.458176798175612,4.015245701764445
146,25+,2.9792055409780724,3.4592470325220006,4.016637948412147
146.1,25+,2.98001559882599,3.4603163551596023,4.018029060821776
146.20000000000002,25+,2.9808249366331623,3.46138476702903,4.019419040070614
146.3,25+,2.9816335551998487,3.4624522690714934,4.020807887237095
146.4,25+,2.982441455326525,3.4635188622287925,4.022195603400798
146.5,25+,2.9832486378138774,3.4645845474433083,4.023582189642429
146.6,25+,2.984055103462791,3.4656493256579903,4.024967647043804
146.70000000000002,25+,2.984860853074348,3.466713197816353,4.026351976687849
146.8,25+,2.9856658874498225,3.467776164862463,4.027735179658585
146.9,25+,2.9864702073906697,3.4688382277409344,4.029117257041102
147,25+,2.987273813698523,3.4698993873969126,4.030498209921568
147.1,25+,2.9880767071751855,3.4709596447760744,4.031878039387202
147.20000000000002,25+,2.9888788886226316,3.4720190008246172,4.0332567465262725
147.3,25+,2.9896803588429854,3.473077456489244,4.034634332428075
147.4,25+,2.990481118638533,3.4741350127171637,4.03601079818293
147.5,25+,2.991281168811703,3.475191670456077,4.037386144882165
147.6,25+,2.992080510165064,3.4762474306541677,4.038760373618104
147.70000000000002,25+,2.9928791435013236,3.477302294260101,4.040133485484065
147.8,25+,2.9936770696233133,3.478356262223005,4.041505481574329
147.9,25+,2.994474289333994,3.4794093354924702,4.0428763629841455
148,25+,2.995270803436438,3.4804615150185367,4.044246130809718
148.1,25+,2.9960666127338333,3.4815128017516916,4.045614786148187
148.20000000000002,25+,2.99686171802947,3.4825631966428494,4.046982330097619
148.3,25+,2.9976561201267407,3.4836127006433575,4.048348763757002
148.4,25+,2.9984498198291303,3.484661314704978,4.04971408822623
148.5,25+,2.9992428179402117,3.4857090397798873,4.051078304606088
148.6,25+,3.000035115263642,3.4867558768206584,4.05244141399825
148.70000000000002,25+,3.0008267126031525,3.48780182678026,4.0538034175052555
148.8,25+,3.0016176107625476,3.4888468906120504,4.055164316230512
148.9,25+,3.0024078105456953,3.4898910692697585,4.056524111278272
149,25+,3.003197312756522,3.490934363707487,4.057882803753627
149.1,25+,3.003986118199013,3.491976774879701,4.059240394762502
149.20000000000002,25+,3.004774227677198,3.493018303741218,4.060596885411633
149.3,25+,3.005561641995149,3.4940589512472,4.061952276808564
149.4,25+,3.006348361956978,3.495098718353149,4.063306570061635
149.5,25+,3.007134388366828,3.4961376060148974,4.064659766279972
149.6,25+,3.0079197220288663,3.4971756151885964,4.066011866573469
149.70000000000002,25+,3.008704363747284,3.498212746830718,4.067362872052789
149.8,25+,3.0094883143262843,3.4992490018980313,4.068712783829342
149.9,25+,3.010271574570083,3.5002843813476145,4.070061603015284
150,25+,3.011054145282899,3.5013188861368314,4.0714093307234975
150.1,25+,3.011836027268951,3.50235251722333,4.072755968067588
150.20000000000002,25+,3.012617221332451,3.503385275565035,4.07410151616187
150.3,25+,3.0133977282776003,3.504417162120141,4.075445976121356
150.4,25+,3.014177548908582,3.5054481778471,4.07678934906175
150.5,25+,3.014956684029558,3.506478323704621,4.078131636099428
150.6,25+,3.0157351344446615,3.507507600651655,4.079472838351441
150.70000000000002,25+,3.0165129009579976,3.508536009647396,4.080812956935495
150.8,25+,3.0172899843736274,3.509563551651266,4.082151992969941
150.9,25+,3.0180663854955734,3.5105902276229095,4.083489947573767
151,25+,3.018842105127807,3.511616038522189,4.084826821866591
151.1,25+,3.0196171440742505,3.5126409853091776,4.086162616968647
151.20000000000002,25+,3.0203915031387627,3.513665068944147,4.087497334000771
151.3,25+,3.021165183125143,3.5146882903875625,4.088830974084398
151.4,25+,3.0219381848371194,3.5157106506000777,4.090163538341547
151.5,25+,3.0227105090783506,3.516732150542531,4.0914950278948226
151.6,25+,3.0234821566524115,3.517752791175925,4.0928254438673815
151.70000000000002,25+,3.0242531283627967,3.518772573461433,4.094154787382945
151.8,25+,3.0250234250129138,3.5197914983603855,4.095483059565782
151.9,25+,3.025793047406071,3.520809566834262,4.096810261540688
152,25+,3.0265619963454853,3.5218267798446914,4.098136394432999
152.1,25+,3.0273302726342655,3.522843138353436,4.099461459368558
152.20000000000002,25+,3.0280978770754134,3.5238586433223857,4.100785457473715
152.3,25+,3.0288648104718203,3.5248732957135616,4.1021083898753234
152.4,25+,3.0296310736262573,3.525887096489096,4.103430257700721
152.5,25+,3.030396667341374,3.5269000466112295,4.104751062077723
152.6,25+,3.031161592419691,3.5279121470423096,4.106070804134614
152.70000000000002,25+,3.0319258496636,3.528923398744775,4.1073894850001365
152.8,25+,3.032689439875353,3.529933802681156,4.108707105803483
152.9,25+,3.033452363857061,3.530943359814066,4.110023667674288
153,25+,3.034214622410691,3.53195207110619,4.111339171742614
153.1,25+,3.034976216338057,3.532959937520285,4.112653619138947
153.20000000000002,25+,3.035737146440818,3.5339669600191694,4.1139670109941795
153.3,25+,3.0364974135204723,3.5349731395657176,4.115279348439615
153.4,25+,3.0372570183783556,3.53597847712285,4.116590632606943
153.5,25+,3.0380159618156326,3.5369829736535325,4.117900864628241
153.60000000000002,25+,3.038774244633294,3.5379866301207636,4.119210045635956
153.70000000000002,25+,3.0395318676321543,3.538989447487574,4.120518176762909
153.8,25+,3.040288831612842,3.539991426717013,4.1218252591422715
153.9,25+,3.041045137375802,3.5409925687721517,4.123131293907565
154,25+,3.041800785721285,3.541992874616063,4.124436282192646
154.10000000000002,25+,3.0425557774493464,3.5429923452118324,4.125740225131707
154.20000000000002,25+,3.04331011335984,3.5439909815225334,4.127043123859252
154.3,25+,3.0440637942524154,3.544988784511234,4.128344979510104
154.4,25+,3.044816820926515,3.54598575514099,4.12964579321939
154.5,25+,3.0455691941813625,3.546981894374826,4.130945566122518
154.60000000000002,25+,3.0463209148159685,3.547977203175747,4.132244299355197
154.70000000000002,25+,3.04707198362912,3.5489716825067195,4.133541994053404
154.8,25+,3.047822401419377,3.5499653333306673,4.134838651353381
154.9,25+,3.048572168985068,3.5509581566104744,4.13613427239164
155,25+,3.0493212871242856,3.5519501533089595,4.137428858304927
155.10000000000002,25+,3.050069756634887,3.5529413243888937,4.1387224102302405
155.20000000000002,25+,3.050817578314483,3.553931670812977,4.140014929304814
155.3,25+,3.051564752960439,3.5549211935438407,4.141306416666098
155.4,25+,3.052311281369863,3.555909893544032,4.142596873451759
155.5,25+,3.0530571643396143,3.5568977717760233,4.143886300799677
155.60000000000002,25+,3.0538024026662915,3.557884829202195,4.145174699847931
155.70000000000002,25+,3.054546997146221,3.558871066784826,4.146462071734778
155.8,25+,3.0552909485754727,3.5598564854861037,4.147748417598675
155.9,25+,3.0560342577498356,3.560841086268099,4.14903373857824
156,25+,3.0567769254648263,3.5618248700927757,4.150318035812262
156.10000000000002,25+,3.0575189525156805,3.5628078379219783,4.151601310439688
156.20000000000002,25+,3.0582603396973513,3.563789990717424,4.1528835635996115
156.3,25+,3.0590010878045,3.564771329440699,4.154164796431268
156.4,25+,3.059741197631499,3.5657518550532563,4.155445010074025
156.5,25+,3.0604806699724265,3.5667315685164063,4.156724205667378
156.60000000000002,25+,3.0612195056210543,3.5677104707913077,4.158002384350934
156.70000000000002,25+,3.061957705370857,3.568688562838971,4.159279547264412
156.8,25+,3.062695270015,3.569665845620247,4.160555695547636
156.9,25+,3.0634322003463335,3.570642320095817,4.161830830340509
157,25+,3.0641684971573997,3.5716179872261984,4.163104952783036
157.10000000000002,25+,3.064904161240415,3.57259284797173,4.164378064015286
157.20000000000002,25+,3.0656391933872764,3.573566903292567,4.165650165177402
157.3,25+,3.066373594389556,3.574540154148682,4.166921257409588
157.4,25+,3.067107365038491,3.5755126014998533,4.1681913418521015
157.5,25+,3.067840506124989,3.576484246305661,4.169460419645244
157.60000000000002,25+,3.068573018439618,3.577455089525484,4.170728491929359
157.70000000000002,25+,3.069304902772607,3.578425132118492,4.1719955598448175
157.8,25+,3.070036159913837,3.579394375043638,4.173261624532011
157.9,25+,3.07076679065284,3.580362819259658,4.174526687131349
158,25+,3.0714967957788017,3.5813304657250664,4.1757907487832515
158.10000000000002,25+,3.0722261760805445,3.582297315398141,4.17705381062813
158.20000000000002,25+,3.072954932346539,3.5832633692369313,4.1783158738063975
158.3,25+,3.0736830653648854,3.584228628199242,4.179576939458444
158.4,25+,3.074410575923326,3.5851930932426352,4.180837008724646
158.5,25+,3.075137464809224,3.5861567653244193,4.182096082745342
158.60000000000002,25+,3.075863732809578,3.5871196454016494,4.183354162660838
158.70000000000002,25+,3.0765893807110047,3.588081734431118,4.184611249611393
158.8,25+,3.0773144092997415,3.5890430333693537,4.185867344737218
158.9,25+,3.078038819361642,3.5900035431726103,4.187122449178461
159,25+,3.0787626116821745,3.590963264796869,4.188376564075205
159.10000000000002,25+,3.0794857870464156,3.5919221991978287,4.18962969056746
159.20000000000002,25+,3.0802083462390466,3.5928803473309,4.190881829795157
159.3,25+,3.080930290044354,3.593837710151204,4.192132982898133
159.4,25+,3.0816516192462253,3.594794288613568,4.193383151016141
159.5,25+,3.082372334628139,3.595750083672514,4.194632335288823
159.60000000000002,25+,3.083092436973171,3.5967050962822613,4.195880536855716
159.70000000000002,25+,3.083811927063986,3.5976593273967152,4.19712775685624
159.8,25+,3.084530805682833,3.5986127779694685,4.1983739964296936
159.9,25+,3.0852490736115454,3.599565448953792,4.199619256715243
160,25+,3.08596673163154,3.600517341302632,4.200863538851924
160.10000000000002,25+,3.0866837805238028,3.6014684559686025,4.202106843978617
160.20000000000002,25+,3.087400221068902,3.602418793903987,4.203349173234071
160.3,25+,3.0881160540469694,3.6033683560607255,4.204590527756858
160.4,25+,3.0888312802377076,3.604317143390414,4.205830908685398
160.5,25+,3.089545900420383,3.605265156844305,4.207070317157939
160.60000000000002,25+,3.0902599153738213,3.60621239737329,4.208308754312549
160.70000000000002,25+,3.0909733258764094,3.607158865927908,4.209546221287116
160.8,25+,3.091686132706085,3.60810456345833,4.210782719219333
160.9,25+,3.0923983366403416,3.609049490914368,4.212018249246701
161,25+,3.0931099384562204,3.609993649245456,4.213252812506514
161.10000000000002,25+,3.093820938930306,3.6109370394006506,4.2144864101358595
161.20000000000002,25+,3.094531338838729,3.611879662328631,4.2157190432716
161.3,25+,3.0952411389571575,3.612821518977692,4.2169507130503865
161.4,25+,3.0959503400607975,3.613762610295733,4.218181420608633
161.5,25+,3.096658942924392,3.614702937230269,4.219411167082519
161.60000000000002,25+,3.0973669483222084,3.6156425007284048,4.220639953607986
161.70000000000002,25+,3.0980743570280493,3.6165813017368538,4.2218677813207215
161.8,25+,3.0987811698152377,3.617519341201912,4.223094651356162
161.9,25+,3.099487387456618,3.618456620069467,4.2243205648494735
162,25+,3.1001930107245617,3.619393139285001,4.225545522935575
162.10000000000002,25+,3.1008980403909487,3.620328899793558,4.226769526749092
162.20000000000002,25+,3.101602477227177,3.6212639025397713,4.22799257742438
162.3,25+,3.1023063220041545,3.6221981484678385,4.229214676095506
162.4,25+,3.1030095754922997,3.623131638521531,4.230435823896249
162.5,25+,3.103712238461531,3.6240643736441744,4.231656021960081
162.60000000000002,25+,3.1044143116812783,3.624996354778662,4.232875271420182
162.70000000000002,25+,3.105115795920463,3.625927582867437,4.234093573409414
162.8,25+,3.1058166919475076,3.62685805885249,4.235310929060322
162.9,25+,3.106517000530332,3.6277877836753696,4.2365273395051375
163,25+,3.1072167224363425,3.628716758277154,4.237742805875756
163.10000000000002,25+,3.107915858432438,3.6296449835984665,4.238957329303741
163.20000000000002,25+,3.108614409285006,3.6305724605794656,4.24017091092032
163.3,25+,3.1093123757599135,3.631499190159837,4.24138355185637
163.4,25+,3.110009758622512,3.6324251732787944,4.2425952532424205
163.5,25+,3.1107065586376317,3.633350410875074,4.2438060162086435
163.60000000000002,25+,3.11140277656958,3.634274903886931,4.2450158418848485
163.70000000000002,25+,3.1120984131821334,3.635198653252136,4.246224731400472
163.8,25+,3.112793469238546,3.636121659907967,4.2474326858845854
163.9,25+,3.1134879455015345,3.637043924791212,4.2486397064658705
164,25+,3.1141818427332875,3.6379654488381625,4.24984579427263
164.10000000000002,25+,3.114875161695453,3.638886232984607,4.251050950432775
164.20000000000002,25+,3.115567903149144,3.639806278165832,4.252255176073821
164.3,25+,3.1162600678549266,3.6407255853166127,4.253458472322873
164.4,25+,3.1169516565728315,3.641644155371217,4.254660840306642
164.5,25+,3.117642670062333,3.642561989263391,4.255862281151416
164.60000000000002,25+,3.118333109082367,3.643479087926368,4.257062795983068
164.70000000000002,25+,3.119022974391312,3.644395452292852,4.258262385927049
164.8,25+,3.1197122667469945,3.6453110832950255,4.2594610521083744
164.9,25+,3.120400986906687,3.646225981864538,4.260658795651633
165,25+,3.1210891356271033,3.647140148932503,4.261855617680968
165.10000000000002,25+,3.121776713664397,3.648053585429504,4.263051519320083
165.20000000000002,25+,3.122463721774156,3.648966292285573,4.264246501692223
165.3,25+,3.1231501607114076,3.649878270430204,4.2654405659201835
165.4,25+,3.1238360312306117,3.650789520792343,4.2666337131263
165.5,25+,3.124521334085655,3.651700044300383,4.267825944432439
165.60000000000002,25+,3.125206070029856,3.6526098418821578,4.269017260959993
165.70000000000002,25+,3.1258902398159565,3.653518914464948,4.2702076638298845
165.8,25+,3.1265738441961246,3.654427262975471,4.27139715416255
165.9,25+,3.1272568839219494,3.655334888339879,4.272585733077944
166,25+,3.1279393597444387,3.656241791483752,4.273773401695526
166.10000000000002,25+,3.128621272414017,3.657147973332101,4.274960161134257
166.20000000000002,25+,3.129302622680524,3.658053434809358,4.276146012512599
166.3,25+,3.129983411293216,3.6589581768393833,4.2773309569485125
166.4,25+,3.1306636390007534,3.659862200345444,4.278514995559435
166.5,25+,3.131343306551213,3.660765506250234,4.279698129462303
166.60000000000002,25+,3.132022414692072,3.6616680954758465,4.2808803597735166
166.70000000000002,25+,3.132700964170214,3.66256996894379,4.282061687608957
166.8,25+,3.133378955731927,3.663471127574977,4.28324211408398
166.9,25+,3.1340563901228964,3.6643715722897174,4.284421640313394
167,25+,3.1347332680882074,3.665271304007723,4.285600267411476
167.10000000000002,25+,3.1354095903723422,3.666170323648099,4.286777996491955
167.20000000000002,25+,3.136085357719178,3.6670686321293458,4.28795482866801
167.3,25+,3.13676057087198,3.667966230369348,4.289130765052266
167.4,25+,3.137435230573409,3.668863119285376,4.290305806756789
167.5,25+,3.138109337565512,3.6697592997940895,4.291479954893083
167.60000000000002,25+,3.1387828925897203,3.6706547728115178,4.292653210572077
167.70000000000002,25+,3.139455896386855,3.6715495392530744,4.293825574904136
167.8,25+,3.1401283496971133,3.672443600033543,4.294997048999042
167.9,25+,3.140800253260079,3.67333695606708,4.2961676339659975
168,25+,3.141471607814711,3.674229608267204,4.297337330913615
168.10000000000002,25+,3.1421424140993457,3.675121557546803,4.29850614094992
168.20000000000002,25+,3.1428126728516963,3.676012804818128,4.299674065182343
168.3,25+,3.1434823848088467,3.6769033509927818,4.300841104717711
168.4,25+,3.144151550707254,3.677793196981728,4.30200726066225
168.5,25+,3.1448201712827437,3.6786823436952822,4.303172534121576
168.60000000000002,25+,3.14548824727051,3.679570792043108,4.3043369262006905
168.70000000000002,25+,3.1461557794051127,3.6804585429342183,4.305500438003981
168.8,25+,3.146822768420474,3.681345597276969,4.306663070635214
168.9,25+,3.147489215049883,3.6822319559790593,4.307824825197527
169,25+,3.148155120025985,3.683117619947523,4.308985702793431
169.10000000000002,25+,3.1488204840807854,3.6840025900887334,4.3101457045248
169.20000000000002,25+,3.1494853079456475,3.684886867308395,4.31130483149287
169.3,25+,3.150149592351289,3.6857704525115422,4.312463084798234
169.4,25+,3.1508133380277834,3.68665334660254,4.313620465540845
169.5,25+,3.1514765457045546,3.687535550485076,4.314776974819997
169.60000000000002,25+,3.152139216110376,3.6884170650621577,4.315932613734331
169.70000000000002,25+,3.152801349973372,3.689297891236116,4.317087383381832
169.8,25+,3.1534629480210143,3.6901780299085982,4.318241284859822
169.9,25+,3.154124010980115,3.6910574819805624,4.319394319264951
170,25+,3.1547845395768377,3.691936248352282,4.320546487693203
170.10000000000002,25+,3.155444534536683,3.692814329923341,4.321697791239891
170.20000000000002,25+,3.1561039965844935,3.693691727592621,4.322848230999636
170.3,25+,3.1567629264444506,3.694568442258317,4.323997808066389
170.4,25+,3.157421324840074,3.6954444748179207,4.325146523533411
170.5,25+,3.1580791924942195,3.696319826168226,4.3262943784932695
170.60000000000002,25+,3.1587365301290777,3.697194497205321,4.327441374037842
170.70000000000002,25+,3.1593933384661685,3.698068488824584,4.328587511258305
170.8,25+,3.160049618226348,3.6989418019206903,4.329732791245134
170.9,25+,3.160705370129798,3.699814437387601,4.330877215088098
171,25+,3.161360594896034,3.700686396118568,4.332020783876261
171.10000000000002,25+,3.1620152932438916,3.70155767900612,4.333163498697966
171.20000000000002,25+,3.162669465891538,3.7024282869420744,4.334305360640848
171.3,25+,3.16332311355646,3.703298220817522,4.335446370791815
171.4,25+,3.1639762369554707,3.704167481522835,4.336586530237055
171.5,25+,3.1646288368047,3.7050360699476577,4.337725840062026
171.60000000000002,25+,3.165280913819603,3.705903986980908,4.338864301351457
171.70000000000002,25+,3.1659324687149484,3.706771233510774,4.3400019151893385
171.8,25+,3.166583502204823,3.707637810424709,4.341138682658926
171.9,25+,3.1672340150026312,3.7085037186094354,4.342274604842733
172,25+,3.167884007821088,3.709368958950934,4.343409682822524
172.10000000000002,25+,3.168533481372226,3.710233532334452,4.344543917679321
172.20000000000002,25+,3.1691824363673846,3.7110974396444902,4.345677310493386
172.3,25+,3.1698308735172165,3.711960681764809,4.34680986234423
172.4,25+,3.1704787935316823,3.712823259578421,4.347941574310606
172.5,25+,3.1711261971200497,3.7136851739675936,4.3490724474705
172.60000000000002,25+,3.1717730849908934,3.714546425813841,4.350202482901136
172.70000000000002,25+,3.172419457852092,3.7154070159979264,4.351331681678966
172.8,25+,3.17306531641083,3.71626694539986,4.35246004487967
172.9,25+,3.173710661373592,3.717126214898893,4.353587573578153
173,25+,3.174355493446164,3.71798482537352,4.35471426884854
173.10000000000002,25+,3.174999813333636,3.718842777701475,4.355840131764176
173.20000000000002,25+,3.175643621740389,3.719700072759725,4.3569651633976125
173.3,25+,3.1762869193701104,3.72055671142448,4.358089364820625
173.4,25+,3.176929706925778,3.721412694571177,4.359212737104183
173.5,25+,3.1775719851096653,3.722268023074487,4.360335281318473
173.60000000000002,25+,3.178213754623343,3.723122697808309,4.361456998532873
173.70000000000002,25+,3.1788550161676707,3.723976719645768,4.362577889815965
173.8,25+,3.1794957704428053,3.724830089459219,4.363697956235529
173.9,25+,3.1801360181481866,3.725682808120235,4.364817198858528
174,25+,3.180775759982549,3.726534876499614,4.365935618751123
174.10000000000002,25+,3.181414996643915,3.727386295467369,4.367053216978658
174.20000000000002,25+,3.1820537288295943,3.7282370658927375,4.368169994605659
174.3,25+,3.182691957236179,3.729087188644166,4.369285952695835
174.4,25+,3.1833296825595516,3.729936664589319,4.37040109231207
174.5,25+,3.183966905494873,3.7307854945950703,4.37151541451642
174.60000000000002,25+,3.184603626736593,3.731633679527506,4.372628920370118
174.70000000000002,25+,3.1852398469784395,3.732481220251919,4.373741610933563
174.8,25+,3.18587556691342,3.733328117632809,4.374853487266318
174.9,25+,3.1865107872338254,3.73417437253388,4.375964550427109
175,25+,3.187145508631223,3.73501998581804,4.377074801473823
175.10000000000002,25+,3.187779731796459,3.7358649583473977,4.378184241463503
175.20000000000002,25+,3.188413457419654,3.736709290983261,4.379292871452346
175.3,25+,3.18904668619021,3.737552984586136,4.380400692495705
175.4,25+,3.1896794187967954,3.7383960400157217,4.381507705648073
175.5,25+,3.190311655927359,3.7392384581309153,4.382613911963095
175.60000000000002,25+,3.19094339826912,3.740080239789805,4.383719312493558
175.70000000000002,25+,3.191574646508571,3.7409213858496697,4.384823908291386
175.8,25+,3.1922054013314725,3.741761897166977,4.385927700407648
175.9,25+,3.1928356634228585,3.742601774597385,4.387030689892541
176,25+,3.1934654334670296,3.743441018995732,4.388132877795397
176.10000000000002,25+,3.194094712147557,3.744279631216047,4.3892342651646805
176.20000000000002,25+,3.194723500147277,3.7451176121115366,4.390334853047977
176.3,25+,3.1953517981482933,3.745954962534591,4.391434642492002
176.4,25+,3.195979606831975,3.746791683336779,4.392533634542592
176.5,25+,3.1966069268789563,3.7476277753688505,4.3936318302447015
176.60000000000002,25+,3.197233758969135,3.7484632394807265,4.394729230642401
176.70000000000002,25+,3.1978601037816725,3.749298076521506,4.3958258367788785
176.8,25+,3.198485961994992,3.7501322873394622,4.396921649696433
176.9,25+,3.199111334286777,3.7509658727820376,4.398016670436473
177,25+,3.1997362213339735,3.751798833695847,4.399110900039512
177.10000000000002,25+,3.200360623812785,3.7526311709266738,4.4002043395451675
177.20000000000002,25+,3.200984542398677,3.753462885319468,4.401296989992166
177.3,25+,3.2016079777663697,3.754293977718347,4.402388852418326
177.4,25+,3.202230930589844,3.755124448966591,4.403479927860567
177.5,25+,3.2028534015423347,3.755954299906644,4.4045702173549035
177.60000000000002,25+,3.2034753912963345,3.7567835313801146,4.405659721936441
177.70000000000002,25+,3.20409690052359,3.7576121442277666,4.406748442639379
177.8,25+,3.204717929895103,3.7584401392895255,4.407836380496999
177.9,25+,3.205338480081128,3.7592675174044743,4.408923536541675
178,25+,3.205958551751174,3.760094279410854,4.410009911804859
178.10000000000002,25+,3.206578145574002,3.7609204261460585,4.411095507317091
178.20000000000002,25+,3.2071972622176212,3.761745958446632,4.41218032410798
178.3,25+,3.2078159023492976,3.762570877148279,4.413264363206223
178.4,25+,3.2084340666355406,3.7633951830858448,4.4143476256395795
178.5,25+,3.209051755742118,3.764218877093337,4.4154301124348985
178.60000000000002,25+,3.2096689703340355,3.765041960003899,4.416511824618079
178.70000000000002,25+,3.2102857110755574,3.7658644326498303,4.417592763214104
178.8,25+,3.2109019786301887,3.7666862958625713,4.418672929247017
178.9,25+,3.2115177736606833,3.767507550472709,4.419752323739923
179,25+,3.212133096829043,3.7683281973099727,4.420830947714991
179.10000000000002,25+,3.2127479487965127,3.769148237203236,4.421908802193453
179.20000000000002,25+,3.213362330223586,3.769967670980512,4.422985888195595
179.3,25+,3.213976241769995,3.7707864994689535,4.424062206740756
179.4,25+,3.2145896840947232,3.7716047234948538,4.425137758847336
179.5,25+,3.2152026578559916,3.77242234388364,4.426212545532783
179.60000000000002,25+,3.215815163711266,3.7732393614598783,4.427286567813591
179.70000000000002,25+,3.216427202317256,3.774055777047272,4.428359826705311
179.8,25+,3.21703877432991,3.774871591468655,4.429432323222531
179.9,25+,3.2176498804044185,3.775686805545994,4.430504058378884
180,25+,3.2182605211952144,3.7765014201003906,4.431575033187053
180.10000000000002,25+,3.218870697355969,3.777315435952075,4.432645248658751
180.2,25+,3.2194804095395924,3.7781288539204105,4.4337147058047375
180.3,25+,3.220089658398234,3.778941674823881,4.4347834056348
180.4,25+,3.2206984445832845,3.779753899480108,4.435851349157766
180.5,25+,3.22130676874537,3.780565528705835,4.4369185373815
180.6,25+,3.221914631534351,3.781376563316927,4.437984971312882
180.7,25+,3.2225220335993336,3.782187004128382,4.43905065195784
180.8,25+,3.2231289755886525,3.7829968519543145,4.440115580321314
180.9,25+,3.2237354581498834,3.7838061076079663,4.441179757407282
181,25+,3.2243414819298355,3.7846147719016994,4.442243184218736
181.1,25+,3.224947047574552,3.785422845646993,4.443305861757693
181.2,25+,3.2255521557293148,3.7862303296544506,4.444367791025195
181.3,25+,3.2261568070386364,3.787037224733793,4.445428973021296
181.4,25+,3.2267610021462656,3.7878435316938575,4.44648940874507
181.5,25+,3.2273647416951845,3.7886492513426018,4.447549099194608
181.6,25+,3.2279680263276056,3.789454384487093,4.448608045367009
181.7,25+,3.2285708566849793,3.790258931933521,4.449666248258393
181.8,25+,3.2291732334079817,3.791062894487184,4.4507237088638805
181.9,25+,3.2297751571365287,3.791866272952496,4.4517804281776066
182,25+,3.2303766285097617,3.7926690681329855,4.452836407192716
182.1,25+,3.2309776481660553,3.7934712808312874,4.453891646901351
182.2,25+,3.231578216743016,3.794272911849152,4.454946148294667
182.3,25+,3.232178334877478,3.7950739619874376,4.455999912362813
182.4,25+,3.23277800320551,3.795874432046111,4.457052940094946
182.5,25+,3.233377222362408,3.796674322824251,4.458105232479222
182.6,25+,3.2339759929826952,3.797473635120037,4.45915679050279
182.7,25+,3.2345743157001303,3.798272369730763,4.4602076151518
182.8,25+,3.2351721911476945,3.7990705274528223,4.461257707411396
182.9,25+,3.2357696199576016,3.7998681090817183,4.462307068265715
183,25+,3.2363666027612927,3.800665115412056,4.463355698697887
183.1,25+,3.2369631401894363,3.801461547237545,4.4644035996900335
183.2,25+,3.23755923287193,3.802257405350999,4.465450772223264
183.3,25+,3.238154881437896,3.803052690544331,4.4664972172776745
183.4,25+,3.2387500865156884,3.80384740360856,4.467542935832351
183.5,25+,3.2393448487328835,3.804641545333799,4.468587928865364
183.6,25+,3.239939168716289,3.8054351165092695,4.469632197353765
183.7,25+,3.2405330470919327,3.806228117923285,4.470675742273592
183.8,25+,3.241126484485076,3.807020550363263,4.471718564599862
183.9,25+,3.2417194815202017,3.8078124146157175,4.4727606653065735
184,25+,3.24231203882102,3.808603711466259,4.473802045366702
184.1,25+,3.242904157010464,3.809394441699595,4.4748427057521996
184.2,25+,3.243495836710697,3.8101846060995306,4.475882647434001
184.3,25+,3.244087078543103,3.8109742054489657,4.476921871382005
184.4,25+,3.2446778831282947,3.811763240529895,4.477960378565093
184.5,25+,3.245268251086106,3.812551712123408,4.478998169951117
184.6,25+,3.245858183035597,3.813339621009688,4.480035246506896
184.7,25+,3.2464476795950534,3.8141269679680105,4.481071609198224
184.8,25+,3.2470367413819843,3.814913753776746,4.482107258989864
184.9,25+,3.247625369013122,3.8156999792133552,4.483142196845541
185,25+,3.248213563104424,3.8164856450543914,4.484176423727955
185.1,25+,3.248801324271069,3.817270752075495,4.48520994059876
185.2,25+,3.249388653127465,3.8180553010514062,4.48624274841859
185.3,25+,3.2499755502872376,3.818839292755944,4.487274848147027
185.4,25+,3.2505620163632383,3.8196227279620234,4.488306240742624
185.5,25+,3.251148051967544,3.82040560744165,4.489336927162894
185.6,25+,3.25173365771145,3.8211879319659112,4.490366908364305
185.7,25+,3.2523188342054783,3.821969702304989,4.4913961853022935
185.8,25+,3.2529035820593735,3.822750919228149,4.492424758931244
185.9,25+,3.253487901882101,3.823531583503744,4.4934526302045
186,25+,3.2540717942818524,3.824311695899217,4.494479800074369
186.1,25+,3.254655259866039,3.825091257181092,4.495506269492102
186.2,25+,3.2552382992412943,3.825870268114981,4.496532039407911
186.3,25+,3.255820913013479,3.826648729465584,4.497557110770959
186.4,25+,3.256403101787672,3.8274266419966834,4.498581484529363
186.5,25+,3.256984866168175,3.828204006471144,4.499605161630185
186.6,25+,3.257566206758514,3.8289808236509177,4.500628143019443
186.7,25+,3.258147124161437,3.8297570942970407,4.501650429642104
186.8,25+,3.2587276189789107,3.830532819169629,4.502672022442077
186.9,25+,3.259307691812132,3.831307999027888,4.50369292236223
187,25+,3.25988734326151,3.832082634630094,4.504713130344362
187.1,25+,3.260466573926686,3.832856726733619,4.505732647329232
187.2,25+,3.261045384406515,3.833630276094909,4.506751474256535
187.3,25+,3.2616237752990793,3.834403283469492,4.5077696120649104
187.4,25+,3.262201747201685,3.835175749611981,4.508787061691948
187.5,25+,3.2627793007108528,3.835947675276065,4.509803824074169
187.6,25+,3.263356436422334,3.836719061214517,4.510819900147043
187.7,25+,3.2639331549310984,3.8374899081791902,4.511835290844982
187.8,25+,3.2645094568313375,3.838260216921017,4.512849997101333
187.9,25+,3.2650853427164668,3.83902998819001,4.513864019848382
188,25+,3.2656608131791223,3.8397992227352566,4.514877360017355
188.1,25+,3.266235868811165,3.840567921304933,4.515890018538415
188.2,25+,3.2668105102036753,3.8413360846462847,4.516901996340665
188.3,25+,3.2673847379469603,3.842103713505644,4.51791329435214
188.4,25+,3.267958552630543,3.8428708086284113,4.518923913499808
188.5,25+,3.2685319548431777,3.8436373707590783,4.519933854709581
188.6,25+,3.269104945172834,3.844403400641206,4.520943118906297
188.7,25+,3.2696775242067075,3.8451688990174335,4.521951707013728
188.8,25+,3.270249692531218,3.8459338666294807,4.522959619954583
188.9,25+,3.2708214507320035,3.8466983042181417,4.523966858650497
189,25+,3.2713927993939302,3.84746221252329,4.5249734240220425
189.1,25+,3.2719637391010847,3.8482255922838737,4.525979316988717
189.2,25+,3.272534270436777,3.848988444237922,4.526984538468951
189.3,25+,3.2731043939835422,3.849750769122537,4.527989089380106
189.4,25+,3.2736741103231353,3.850512567673897,4.528992970638469
189.5,25+,3.274243420036539,3.8512738406272584,4.5299961831592555
189.6,25+,3.274812323703958,3.8520345887169545,4.5309987278566135
189.7,25+,3.275380821904818,3.8527948126763905,4.53200060564361
189.8,25+,3.275948915217774,3.8535545132380538,4.533001817432249
189.9,25+,3.2765166042207023,3.854313691133502,4.534002364133448
190,25+,3.2770838894907013,3.855072347093371,4.5350022466570605
190.1,25+,3.277650771604097,3.8558304818473697,4.536001465911859
190.2,25+,3.27821725113644,3.856588096124288,4.537000022805546
190.3,25+,3.278783328662504,3.8573451906519858,4.53799791824474
190.4,25+,3.279349004756287,3.858101766157397,4.538995153134986
190.5,25+,3.279914279991015,3.858857823366539,4.539991728380762
190.6,25+,3.280479154939135,3.859613363004495,4.5409876448854485
190.7,25+,3.281043630172325,3.860368385795431,4.541982903551368
190.8,25+,3.2816077062614815,3.861122892462579,4.54297750527975
190.9,25+,3.2821713837767352,3.861876883728257,4.5439714509707585
191,25+,3.2827346632874344,3.862630360313847,4.544964741523462
191.1,25+,3.2832975453621587,3.863383322939815,4.545957377835864
191.2,25+,3.283860030568714,3.864135772325697,4.546949360804882
191.3,25+,3.2844221194741294,3.864887709190102,4.547940691326348
191.4,25+,3.2849838126446644,3.8656391342507206,4.548931370295022
191.5,25+,3.285545110645804,3.866390048224312,4.549921398604579
191.6,25+,3.28610601404226,3.867140451826711,4.550910777147611
191.7,25+,3.2866665233979715,3.86789034577283,4.551899506815628
191.8,25+,3.287226639276107,3.868639730776655,4.552887588499062
191.9,25+,3.287786362239062,3.8693886075512474,4.553875023087257
192,25+,3.2883456928484596,3.8701369768087406,4.554861811468477
192.1,25+,3.2889046316651527,3.870884839260348,4.555847954529903
192.2,25+,3.289463179249221,3.871632195616352,4.556833453157628
192.3,25+,3.290021336159974,3.872379046586115,4.557818308236668
192.4,25+,3.290579102955951,3.873125392878073,4.558802520650948
192.5,25+,3.2911364801949214,3.873871235199736,4.559786091283316
192.6,25+,3.291693468433881,3.87461657425769,4.560769021015527
192.7,25+,3.292250068229059,3.8753614107575944,4.561751310728254
192.8,25+,3.2928062801359146,3.8761057454041903,4.562732961301092
192.9,25+,3.2933621047091353,3.876849578901285,4.563713973612537
193,25+,3.293917542502641,3.8775929119517687,4.5646943485400095
193.1,25+,3.2944725940695827,3.8783357452576057,4.565674086959842
193.2,25+,3.295027259962344,3.8790780795198327,4.566653189747279
193.3,25+,3.295581540732537,3.8798199154385657,4.567631657776478
193.4,25+,3.296135436931009,3.880561253712996,4.5686094919205145
193.5,25+,3.296688949107838,3.8813020950413906,4.56958669305137
193.6,25+,3.297242077812337,3.882042440121093,4.57056326203995
193.7,25+,3.2977948235930468,3.8827822896485222,4.5715391997560575
193.8,25+,3.2983471869977468,3.8835216443191767,4.572514507068423
193.9,25+,3.298899168573448,3.884260504827627,4.573489184844681
194,25+,3.299450768866394,3.884998871867525,4.574463233951381
194.1,25+,3.3000019884220673,3.8857367461315975,4.575436655253989
194.2,25+,3.3005528277851788,3.8864741283116473,4.576409449616873
194.3,25+,3.3011032874996795,3.88721101909856,4.577381617903324
194.4,25+,3.301653368108752,3.88794741918229,4.578353160975535
194.5,25+,3.3022030701548166,3.888683329251875,4.5793240796946195
194.6,25+,3.302752394179529,3.889418749995434,4.580294374920599
194.7,25+,3.3033013407237837,3.8901536821001574,4.58126404751241
194.8,25+,3.303849910327708,3.8908881262523174,4.582233098327894
194.9,25+,3.304398103530666,3.891622083137262,4.583201528223807
195,25+,3.304945920871265,3.892355553439421,4.584169338055819
195.1,25+,3.3054933628873453,3.8930885378423064,4.585136528678513
195.2,25+,3.3060404301159863,3.893821037028501,4.586103100945376
195.3,25+,3.306587123093505,3.894553051679672,4.587069055708812
195.4,25+,3.30713344235546,3.895284582476566,4.588034393820137
195.5,25+,3.30767938843665,3.896015630099013,4.588999116129577
195.6,25+,3.3082249618711077,3.8967461952259153,4.589963223486268
195.7,25+,3.3087701631921123,3.897476278535261,4.590926716738257
195.8,25+,3.3093149929321792,3.89820588070412,4.591889596732508
195.9,25+,3.309859451623068,3.89893500240864,4.592851864314889
196,25+,3.3104035397957783,3.899663644324052,4.593813520330185
196.1,25+,3.31094725798055,3.900391807124668,4.594774565622091
196.2,25+,3.311490606706868,3.901119491483881,4.595735001033209
196.3,25+,3.312033586503458,3.901846698074168,4.596694827405064
196.4,25+,3.312576197898288,3.902573427567085,4.5976540455780786
196.5,25+,3.3131184414185726,3.903299680633279,4.598612656391598
196.6,25+,3.313660317590766,3.904025457942468,4.599570660683874
196.7,25+,3.3142018269405713,3.9047507601634632,4.60052805929207
196.8,25+,3.314742969992933,3.905475587964155,4.601484853052266
196.9,25+,3.3152837472720424,3.9061999420115208,4.602441042799452
197,25+,3.3158241593013345,3.9069238229716183,4.6033966293675235
197.1,25+,3.316364206603494,3.907647231509594,4.6043516135893015
197.2,25+,3.3169038897004466,3.908370168289675,4.605305996296504
197.3,25+,3.317443209113372,3.90909263397518,4.606259778319778
197.4,25+,3.3179821653626913,3.909814629228508,4.6072129604886705
197.5,25+,3.3185207589680763,3.910536154711145,4.608165543631647
197.6,25+,3.319058990448447,3.9112572110836656,4.609117528576083
197.7,25+,3.3195968603219703,3.911977799005729,4.61006891614827
197.8,25+,3.320134369106066,3.9126979191360833,4.611019707173413
197.9,25+,3.320671517317401,3.913417572132564,4.611969902475629
198,25+,3.321208305471892,3.914136758652094,4.61291950287795
198.1,25+,3.3217447340847093,3.914855479350683,4.613868509202319
198.2,25+,3.322280803670271,3.915573734883434,4.614816922269597
198.3,25+,3.3228165147422497,3.916291525904534,4.615764742899558
198.4,25+,3.3233518678135665,3.9170088530672618,4.616711971910888
198.5,25+,3.3238868633964,3.917725717023987,4.617658610121191
198.6,25+,3.3244215020021786,3.9184421184261655,4.6186046583469835
198.7,25+,3.324955784141584,3.9191580579243497,4.6195501174036995
198.8,25+,3.325489710324555,3.919873536168182,4.620494988105688
198.9,25+,3.3260232810602823,3.9205885538063905,4.621439271266211
199,25+,3.326556496857212,3.921303111486802,4.62238296769745
199.1,25+,3.327089358223048,3.922017209856333,4.6233260782105
199.2,25+,3.3276218656647485,3.922730849560994,4.624268603615375
199.3,25+,3.328154019688528,3.923444031245886,4.625210544721003
199.4,25+,3.32868582079986,3.9241567555552095,4.6261519023352315
199.5,25+,3.3292172695034727,3.9248690231322496,4.62709267726482
199.6,25+,3.3297483663033565,3.925580834619397,4.6280328703154545
199.7,25+,3.330279111702758,3.9262921906581303,4.628972482291732
199.8,25+,3.3308095062041843,3.927003091889029,4.629911513997172
199.9,25+,3.3313395503093997,3.927713538951759,4.630849966234205
200,25+,3.3318692445194324,3.928423532485096,4.63178783980419
200.1,25+,3.3323985893345696,3.9291330731269016,4.632725135507397
200.2,25+,3.3329275852543603,3.929842161514143,4.633661854143025
200.3,25+,3.3334562327776136,3.930550798282878,4.6345979965091795
200.4,25+,3.333984532402406,3.931258984068268,4.635533563402898
200.5,25+,3.3345124846260714,3.931966719504571,4.636468555620134
200.6,25+,3.335040089945211,3.932674005225147,4.637402973955759
200.7,25+,3.3355673488556885,3.9333808418624536,4.638336819203571
200.8,25+,3.336094261852633,3.934087230048049,4.639270092156287
200.9,25+,3.336620829430439,3.934793170412592,4.640202793605546
201,25+,3.3371470520827655,3.935498663585845,4.641134924341907
201.1,25+,3.3376729303025416,3.936203710196671,4.642066485154859
201.2,25+,3.338198464581957,3.9369083108730343,4.6429974768328055
201.3,25+,3.3387236554124757,3.937612466242007,4.64392790016308
201.4,25+,3.3392485032848236,3.938316176929756,4.644857755931931
201.5,25+,3.3397730086890007,3.93901944356156,4.645787044924544
201.6,25+,3.3402971721142736,3.939722266761803,4.646715767925022
201.7,25+,3.3408209940491784,3.940424647153967,4.647643925716393
201.8,25+,3.3413444749815224,3.941126585360645,4.648571519080609
201.9,25+,3.3418676153983835,3.941828082003534,4.649498548798551
202,25+,3.3423904157861126,3.942529137703442,4.650425015650032
202.1,25+,3.3429128766303298,3.943229753080279,4.651350920413779
202.2,25+,3.3434349984159306,3.943929928753066,4.6522762638674555
202.3,25+,3.343956781627083,3.94462966533993,4.653201046787652
202.4,25+,3.344478226747229,3.945328963458111,4.654125269949883
202.5,25+,3.344999334259086,3.946027823723957,4.655048934128599
202.6,25+,3.3455201046446428,3.9467262467529247,4.655972040097174
202.7,25+,3.346040538385168,3.947424233159581,4.6568945886279085
202.8,25+,3.3465606359612057,3.9481217835576072,4.657816580492042
202.9,25+,3.347080397852575,3.9488188985597934,4.65873801645974
203,25+,3.347599824538376,3.9495155787780463,4.659658897300098
203.1,25+,3.3481189164969845,3.950211824823384,4.660579223781147
203.2,25+,3.348637674206053,3.9509076373059338,4.661498996669843
203.3,25+,3.3491560981425192,3.951603016834945,4.662418216732087
203.4,25+,3.3496741887825965,3.952297964018776,4.6633368847327
203.5,25+,3.350191946601778,3.952992479464904,4.6642550014354445
203.6,25+,3.350709372074842,3.953686563779921,4.6651725676030145
203.7,25+,3.3512264656758464,3.954380217569535,4.666089583997041
203.8,25+,3.3517432278781305,3.9550734414385738,4.667006051378087
203.9,25+,3.3522596591543197,3.95576623599098,4.667921970505654
204,25+,3.3527757599763177,3.9564586018298153,4.668837342138176
204.1,25+,3.3532915308153233,3.9571505395572686,4.669752167033035
204.2,25+,3.3538069721418067,3.9578420497746345,4.6706664459465355
204.3,25+,3.3543220844255335,3.95853313308234,4.671580179633928
204.4,25+,3.354836868135551,3.9592237900799265,4.672493368849401
204.5,25+,3.355351323740198,3.959914021366062,4.673406014346086
204.6,25+,3.355865451707094,3.9606038275385327,4.6743181168760435
204.7,25+,3.35637925250315,3.961293209194249,4.675229677190284
204.8,25+,3.3568927265945705,3.961982166929249,4.676140696038758
204.9,25+,3.3574058744468416,3.962670701338688,4.677051174170353
205,25+,3.3579186965247443,3.9633588130168502,4.677961112332902
205.1,25+,3.3584311932923496,3.9640465025571494,4.678870511273179
205.2,25+,3.3589433652130203,3.96473377055212,4.679779371736905
205.3,25+,3.3594552127494084,3.965420617593424,4.680687694468739
205.4,25+,3.359966736363463,3.9661070442718542,4.681595480212289
205.5,25+,3.3604779365164235,3.966793051177329,4.682502729710108
205.6,25+,3.360988813668824,3.967478638898896,4.68340944370369
205.7,25+,3.361499368280496,3.968163808024737,4.684315622933487
205.8,25+,3.3620096008105618,3.9688485591421543,4.685221268138882
205.9,25+,3.362519511717442,3.969532892837591,4.686126380058216
206,25+,3.3630291014588547,3.9702168096966193,4.687030959428779
206.1,25+,3.3635383704918156,3.9709003103039415,4.687935006986806
206.2,25+,3.364047319272637,3.971583395243395,4.688838523467482
206.3,25+,3.364555948256929,3.97226606509795,4.689741509604945
206.4,25+,3.3650642578996046,3.972948320449711,4.6906439661322805
206.5,25+,3.3655722486548743,3.9736301618799192,4.6915458937815275
206.6,25+,3.366079920976249,3.974311589968951,4.692447293283678
206.7,25+,3.366587275316544,3.97499260529632,4.693348165368675
206.8,25+,3.367094312127872,3.9756732084406754,4.694248510765417
206.9,25+,3.3676010318616543,3.9763533999798057,4.695148330201757
207,25+,3.3681074349686093,3.9770331804906354,4.696047624404497
207.1,25+,3.368613521898766,3.977712550549236,4.696946394099406
207.2,25+,3.369119293101452,3.97839151073081,4.697844640011198
207.3,25+,3.369624749025307,3.979070061609707,4.698742362863554
207.4,25+,3.370129890118273,3.9797482037594167,4.699639563379104
207.5,25+,3.3706347168275967,3.9804259377525697,4.700536242279442
207.6,25+,3.3711392295998364,3.981103264160938,4.7014324002851176
207.7,25+,3.371643428880859,3.9817801835554465,4.702328038115646
207.8,25+,3.3721473151158374,3.9824566965061505,4.703223156489495
207.9,25+,3.3726508887492557,3.983132803582264,4.704117756124101
208,25+,3.373154150224909,3.9838085053521377,4.705011837735857
208.1,25+,3.373657099985904,3.9844838023832767,4.705905402040127
208.2,25+,3.374159738474655,3.985158695242324,4.706798449751224
208.3,25+,3.374662066132895,3.985833184495081,4.707690981582441
208.4,25+,3.375164083401666,3.986507270706491,4.708582998246026
208.5,25+,3.375665790721324,3.9871809544406496,4.709474500453196
208.6,25+,3.3761671885315407,3.9878542362608025,4.710365488914133
208.7,25+,3.3766682772713055,3.988527116729348,4.711255964337991
208.8,25+,3.377169057378918,3.989199596407834,4.712145927432885
208.9,25+,3.3776695292920023,3.989871675856965,4.713035378905905
209,25+,3.3781696934474907,3.990543355636592,4.713924319463105
209.1,25+,3.3786695502816415,3.991214636305727,4.714812749809513
209.2,25+,3.379169100230029,3.991885518422536,4.715700670649129
209.3,25+,3.3796683437275457,3.9925560025443376,4.71658808268492
209.4,25+,3.3801672812084056,3.9932260892276097,4.717474986618829
209.5,25+,3.3806659131061467,3.9938957790279863,4.718361383151773
209.6,25+,3.381164239853623,3.9945650725002606,4.719247272983641
209.7,25+,3.381662261883016,3.9952339701983854,4.720132656813299
209.8,25+,3.3821599796258264,3.9959024726754673,4.721017535338585
209.9,25+,3.3826573935128823,3.996570580483783,4.72190190925632
210,25+,3.383154503974334,3.997238294174763,4.722785779262296
210.1,25+,3.38365131143966,3.997905614299004,4.723669146051287
210.2,25+,3.38414781633766,3.998572541406261,4.724552010317043
210.3,25+,3.3846440190964664,3.999239076045457,4.725434372752296
210.4,25+,3.3851399201435353,3.999905218764678,4.726316234048758
210.5,25+,3.38563551990565,4.000570970111172,4.7271975948971185
210.6,25+,3.3861308188089265,4.00123633063136,4.72807845598706
210.7,25+,3.386625817278811,4.001901300870824,4.728958818007236
210.8,25+,3.387120515740073,4.002565881374313,4.729838681645285
210.9,25+,3.3876149146168237,4.00323007268575,4.730718047587843
211,25+,3.3881090143324983,4.003893875348223,4.731596916520515
211.1,25+,3.388602815309867,4.004557289903991,4.732475289127903
211.2,25+,3.3890963179710343,4.005220316894481,4.73335316609359
211.3,25+,3.3895895227374377,4.0058829568602965,4.734230548100153
211.4,25+,3.390082430029851,4.006545210341211,4.73510743582915
211.5,25+,3.390575040268382,4.0072070778761715,4.735983829961136
211.6,25+,3.3910673538724763,4.007868560003298,4.736859731175652
211.7,25+,3.391559371260916,4.008529657259888,4.737735140151235
211.8,25+,3.39205109285182,4.009190370182409,4.738610057565407
211.9,25+,3.392542519062648,4.009850699306514,4.739484484094691
212,25+,3.3930336503101963,4.010510645167022,4.740358420414594
212.1,25+,3.393524487010605,4.011170208297942,4.74123186719963
212.2,25+,3.3940150295793505,4.011829389232453,4.742104825123299
212.3,25+,3.394505278431256,4.0124881885029176,4.742977294858102
212.4,25+,3.3949952339804823,4.01314660664088,4.743849277075537
212.5,25+,3.3954848966405375,4.013804644177062,4.7447207724461
212.6,25+,3.3959742668242674,4.01446230164137,4.7455917816392805
212.7,25+,3.39646334494387,4.015119579562896,4.746462305323581
212.8,25+,3.3969521314108846,4.015776478469911,4.747332344166494
212.9,25+,3.3974406266361945,4.016432998889873,4.748201898834513
213,25+,3.3979288310300353,4.017089141349427,4.749070969993144
213.1,25+,3.3984167450019847,4.017744906374401,4.7499395583068855
213.2,25+,3.3989043689609737,4.018400294489817,4.75080766443925
213.3,25+,3.399391703315278,4.019055306219875,4.751675289052747
213.4,25+,3.399878748472526,4.019709942087973,4.752542432808897
213.5,25+,3.4003655048396957,4.020364202616692,4.753409096368228
213.6,25+,3.4008519728231192,4.021018088327812,4.754275280390274
213.7,25+,3.4013381528284743,4.021671599742295,4.755140985533578
213.8,25+,3.4018240452607977,4.022324737380303,4.756006212455695
213.9,25+,3.4023096505244785,4.022977501761185,4.7568709618131875
214,25+,3.4027949690232577,4.023629893403489,4.757735234261631
214.1,25+,3.4032800011602355,4.0242819128249545,4.758599030455614
214.2,25+,3.4037647473378643,4.024933560542522,4.759462351048742
214.3,25+,3.404249207957955,4.025584837072319,4.760325196693626
214.4,25+,3.404733383421675,4.02623574292968,4.761187568041899
214.5,25+,3.4052172741295545,4.026886278629136,4.762049465744213
214.6,25+,3.405700880481475,4.0275364446844115,4.762910890450227
214.7,25+,3.406184202876683,4.028186241608436,4.76377184280863
214.8,25+,3.406667241713785,4.028835669913342,4.76463232346712
214.9,25+,3.407149997390747,4.029484730110454,4.76549233307242
215,25+,3.4076324703049,4.030133422710313,4.766351872270275
215.1,25+,3.408114660852932,4.03078174822265,4.767210941705445
215.2,25+,3.4085965694309053,4.031429707156412,4.768069542021724
215.3,25+,3.409078196434234,4.032077300019742,4.768927673861917
215.4,25+,3.4095595422577065,4.032724527319995,4.769785337867866
215.5,25+,3.410040607295473,4.03337138956373,4.7706425346804275
215.6,25+,3.4105213919410513,4.0340178872567165,4.771499264939494
215.7,25+,3.4110018965873277,4.034664020903931,4.772355529283979
215.8,25+,3.4114821216265554,4.035309791009558,4.7732113283518265
215.9,25+,3.411962067450357,4.035955198076994,4.774066662780011
216,25+,3.4124417344497253,4.03660024260885,4.774921533204536
216.1,25+,3.412921123015023,4.037244925106943,4.775775940260434
216.2,25+,3.4134002335359845,4.037889246072309,4.776629884581778
216.3,25+,3.413879066401717,4.038533206005196,4.7774833668016665
216.4,25+,3.414357622000699,4.039176805405062,4.778336387552232
216.5,25+,3.414835900720784,4.0398200447705905,4.779188947464648
216.6,25+,3.4153139029491997,4.040462924599672,4.780041047169118
216.7,25+,3.4157916290725496,4.041105445389423,4.780892687294888
216.8,25+,3.416269079476811,4.041747607636171,4.7817438684702385
216.9,25+,3.416746254547341,4.042389411835466,4.782594591322489
217,25+,3.4172231546688723,4.043030858482081,4.7834448564780025
217.1,25+,3.417699780225516,4.043671948070005,4.7842946645621804
217.2,25+,3.4181761316007626,4.044312681092452,4.785144016199464
217.3,25+,3.4186522091774845,4.04495305804186,4.7859929120133415
217.4,25+,3.41912801333793,4.045593079409885,4.786841352626342
217.5,25+,3.4196035444637336,4.046232745687415,4.787689338660043
217.6,25+,3.4200788029359113,4.04687205736456,4.788536870735067
217.7,25+,3.4205537891348583,4.047511014930654,4.789383949471079
217.8,25+,3.4210285034403585,4.0481496188742625,4.790230575486795
217.9,25+,3.421502946231578,4.04878786968318,4.791076749399986
218,25+,3.4219771178870664,4.049425767844422,4.791922471827459
218.1,25+,3.422451018784765,4.050063313844248,4.792767743385087
218.2,25+,3.4229246493019967,4.050700508168134,4.793612564687785
218.3,25+,3.4233980098154753,4.0513373513007975,4.7944569363495235
218.4,25+,3.423871100701299,4.051973843726182,4.7953008589833255
218.5,25+,3.4243439223349617,4.052609985927471,4.796144333201275
218.6,25+,3.424816475091343,4.053245778387079,4.796987359614506
218.7,25+,3.4252887593447103,4.0538812215866535,4.797829938833205
218.8,25+,3.425760775468732,4.054516316007086,4.79867207146663
218.9,25+,3.426232523836461,4.0551510621284965,4.7995137581230845
219,25+,3.4267040048203454,4.055785460430249,4.800354999409941
219.1,25+,3.427175218792228,4.056419511390946,4.801195795933628
219.2,25+,3.4276461661233464,4.057053215488425,4.802036148299637
219.3,25+,3.4281168471843357,4.057686573199775,4.802876057112527
219.4,25+,3.428587262345221,4.058319585001312,4.80371552297591
219.5,25+,3.4290574119754305,4.058952251368605,4.804554546492473
219.6,25+,3.429527296443791,4.059584572776468,4.805393128263968
219.7,25+,3.429996916118522,4.060216549698951,4.8062312688912074
219.8,25+,3.430466271367248,4.060848182609357,4.80706896897408
219.9,25+,3.43093536255699,4.061479471980229,4.807906229111536
220,25+,3.4314041900541743,4.062110418283364,4.808743049901603
220.1,25+,3.4318727542246266,4.062741021989805,4.8095794319413745
220.2,25+,3.432341055433573,4.063371283569837,4.8104153758270165
220.3,25+,3.432809094045646,4.064001203493006,4.811250882153771
220.4,25+,3.4332768704248853,4.064630782228105,4.812085951515954
220.5,25+,3.4337443849347267,4.06526002024317,4.81292058450695
220.6,25+,3.43421163793802,4.065888918005505,4.813754781719229
220.7,25+,3.434678629797019,4.066517475981656,4.814588543744336
220.8,25+,3.4351453608733844,4.06714569463743,4.81542187117289
220.9,25+,3.435611831528184,4.067773574437886,4.816254764594593
221,25+,3.436078042121898,4.06840111584734,4.817087224598227
221.1,25+,3.4365439930144124,4.069028319329366,4.817919251771652
221.2,25+,3.437009684565025,4.069655185346794,4.818750846701814
221.3,25+,3.437475117132448,4.070281714361719,4.819582009974746
221.4,25+,3.4379402910748023,4.070907906835492,4.820412742175559
221.5,25+,3.4384052067496205,4.071533763228722,4.821243043888449
221.6,25+,3.438869864513854,4.072159284001284,4.8220729156967055
221.7,25+,3.439334264723863,4.072784469612317,4.8229023581826995
221.8,25+,3.439798407735428,4.073409320520221,4.823731371927895
221.9,25+,3.4402622939037406,4.074033837182658,4.8245599575128395
222,25+,3.4407259235834142,4.074658020056566,4.825388115517183
222.1,25+,3.441189297128477,4.075281869598137,4.826215846519654
222.2,25+,3.441652414892376,4.075905386262838,4.8270431510980805
222.3,25+,3.442115277227977,4.076528570505402,4.827870029829386
222.4,25+,3.4425778844875667,4.077151422779833,4.828696483289586
222.5,25+,3.443040237022853,4.077773943539402,4.829522512053791
222.6,25+,3.4435023351849634,4.078396133236654,4.830348116696212
222.7,25+,3.4439641793244498,4.079017992323408,4.831173297790159
222.8,25+,3.4444257697912866,4.079639521250749,4.831998055908035
222.9,25+,3.4448871069348708,4.08026072046904,4.832822391621349
223,25+,3.445348191104028,4.080881590427924,4.83364630550071
223.1,25+,3.445809022647006,4.081502131576311,4.834469798115829
223.2,25+,3.446269601911477,4.082122344362392,4.835292870035518
223.3,25+,3.446729929244546,4.082742229233635,4.836115521827699
223.4,25+,3.447190004992743,4.0833617866367895,4.836937754059395
223.5,25+,3.4476498295020246,4.083981017017878,4.837759567296738
223.6,25+,3.448109403117781,4.084599920822211,4.838580962104968
223.7,25+,3.448568726184829,4.085218498494374,4.839401939048429
223.8,25+,3.4490277990474176,4.0858367504782365,4.8402224986905775
223.9,25+,3.44948662204923,4.086454677216954,4.841042641593988
224,25+,3.4499451955333793,4.087072279152965,4.841862368320335
224.1,25+,3.4504035198424137,4.087689556727992,4.842681679430417
224.2,25+,3.450861595318314,4.088306510383042,4.843500575484138
224.3,25+,3.4513194223024977,4.088923140558413,4.844319057040522
224.4,25+,3.4517770011358153,4.089539447693686,4.845137124657705
224.5,25+,3.452234332158558,4.0901554322277365,4.845954778892946
224.6,25+,3.4526914157104502,4.090771094598725,4.84677202030262
224.7,25+,3.4531482521306582,4.091386435244105,4.847588849442218
224.8,25+,3.453604841757784,4.092001454600619,4.848405266866355
224.9,25+,3.4540611849298735,4.092616153104308,4.849221273128769
225,25+,3.454517281984408,4.093230531190501,4.850036868782319
225.1,25+,3.454973133258312,4.093844589293819,4.850852054378983
225.2,25+,3.455428739087957,4.094458327848187,4.851666830469872
225.3,25+,3.455884099809148,4.09507174728682,4.852481197605219
225.4,25+,3.456339215757142,4.095684848042232,4.853295156334384
225.5,25+,3.4567940872666365,4.096297630546233,4.854108707205852
225.6,25+,3.4572487146717736,4.096910095229935,4.854921850767242
225.7,25+,3.457703098306145,4.097522242523749,4.855734587565302
225.8,25+,3.458157238502786,4.098134072857387,4.85654691814591
225.9,25+,3.4586111355941807,4.098745586659861,4.857358843054075
226,25+,3.4590647899122606,4.09935678435949,4.858170362833944
226.1,25+,3.45951820178841,4.0999676663838915,4.858981478028797
226.2,25+,3.4599713715534577,4.1005782331599905,4.859792189181043
226.3,25+,3.4604242995376877,4.10118848511402,4.860602496832238
226.4,25+,3.460876986070833,4.101798422671515,4.861412401523068
226.5,25+,3.4613294314820786,4.102408046257318,4.862221903793361
226.6,25+,3.4617816361000666,4.1030173562955845,4.863031004182085
226.7,25+,3.462233600252888,4.1036263532097745,4.863839703227346
226.8,25+,3.462685324268093,4.104235037422664,4.864648001466399
226.9,25+,3.4631368084726817,4.10484340935633,4.865455899435633
227,25+,3.463588053193116,4.105451469432174,4.866263397670591
227.1,25+,3.464039058755312,4.106059218070901,4.867070496705948
227.2,25+,3.464489825484644,4.106666655692537,4.867877197075543
227.3,25+,3.4649403537059444,4.107273782716415,4.868683499312344
227.4,25+,3.465390643743506,4.107880599561191,4.869489403948481
227.5,25+,3.4658406959210826,4.108487106644835,4.87029491151523
227.6,25+,3.466290510561886,4.1090933043846345,4.871100022543014
227.7,25+,3.466740087988593,4.109699193197197,4.871904737561413
227.8,25+,3.4671894285233393,4.110304773498447,4.872709057099156
227.9,25+,3.4676385324877277,4.1109100457036325,4.873512981684128
228,25+,3.468087400202824,4.111515010227322,4.87431651184337
228.1,25+,3.4685360319891565,4.1121196674834035,4.875119648103076
228.2,25+,3.4689844281667206,4.112724017885091,4.875922390988597
228.3,25+,3.4694325890549793,4.113328061844925,4.876724741024448
228.4,25+,3.4698805149728607,4.113931799774766,4.877526698734298
228.5,25+,3.4703282062387646,4.114535232085805,4.878328264640978
228.6,25+,3.470775663170554,4.115138359188558,4.879129439266483
228.7,25+,3.4712228860855667,4.11574118149287,4.879930223131966
228.8,25+,3.471669875300606,4.116343699407912,4.880730616757746
228.9,25+,3.4721166311319513,4.116945913342189,4.881530620663311
229,25+,3.4725631538953494,4.117547823703534,4.882330235367305
229.1,25+,3.4730094439060224,4.118149430899113,4.883129461387549
229.2,25+,3.473455501478666,4.118750735335424,4.883928299241028
229.3,25+,3.4739013269274484,4.119351737418299,4.884726749443897
229.4,25+,3.474346920566013,4.119952437552902,4.885524812511477
229.5,25+,3.47479228270748,4.1205528361437365,4.886322488958267
229.6,25+,3.4752374136644453,4.121152933594641,4.887119779297937
229.7,25+,3.475682313748984,4.121752730308791,4.887916684043328
229.8,25+,3.4761269832726462,4.122352226688699,4.888713203706455
229.9,25+,3.476571422546463,4.122951423136217,4.889509338798512
230,25+,3.477015631880944,4.123550320052541,4.89030508982987
230.1,25+,3.4774596115860787,4.124148917838197,4.891100457310071
230.2,25+,3.477903361971342,4.124747216893071,4.89189544174785
230.3,25+,3.4783468833456856,4.125345217616375,4.892690043651108
230.4,25+,3.478790176017544,4.125942920406671,4.893484263526929
230.5,25+,3.479233240294839,4.1265403256618685,4.89427810188159
230.6,25+,3.4796760764849752,4.127137433779221,4.895071559220542
230.7,25+,3.4801186848948418,4.127734245155326,4.895864636048425
230.8,25+,3.480561065830812,4.12833076018613,4.896657332869057
230.9,25+,3.4810032195987475,4.128926979266929,4.897449650185453
231,25+,3.481445146503998,4.129522902792367,4.898241588499809
231.1,25+,3.4818868468514017,4.13011853115644,4.899033148313514
231.2,25+,3.4823283209452804,4.130713864752494,4.89982433012714
231.3,25+,3.482769569089453,4.131308903973224,4.900615134440456
231.4,25+,3.4832105915872256,4.131903649210687,4.901405561752427
231.5,25+,3.483651388741393,4.132498100856282,4.9021956125612
231.6,25+,3.4840919608542458,4.133092259300777,4.902985287364128
231.7,25+,3.484532308227565,4.133686124934281,4.903774586657746
231.8,25+,3.4849724311626264,4.13427969814627,4.9045635109378
231.9,25+,3.485412329960199,4.134872979325573,4.905352060699223
232,25+,3.485852004920547,4.135465968860381,4.906140236436153
232.1,25+,3.4862914563434315,4.136058667138242,4.906928038641923
232.2,25+,3.4867306845281094,4.136651074546065,4.907715467809071
232.3,25+,3.4871696897733337,4.1372431914701195,4.908502524429332
232.4,25+,3.487608472377359,4.137835018296042,4.909289208993652
232.5,25+,3.4880470326379336,4.138426555408825,4.910075521992172
232.6,25+,3.4884853708523096,4.1390178031928295,4.910861463914244
232.7,25+,3.488923487317237,4.139608762031781,4.911647035248423
232.8,25+,3.4893613823289695,4.140199432308773,4.912432236482475
232.9,25+,3.4897990561832604,4.1407898144062605,4.913217068103372
233,25+,3.4902365091753653,4.141379908706071,4.914001530597295
233.1,25+,3.4906737416000464,4.141969715589401,4.914785624449638
233.2,25+,3.491110753751566,4.142559235436811,4.915569350145004
233.3,25+,3.491547545923695,4.143148468628241,4.916352708167212
233.4,25+,3.491984118409706,4.1437374155429945,4.917135698999291
233.5,25+,3.4924204715023826,4.144326076559752,4.917918323123491
233.6,25+,3.492856605494013,4.144914452056567,4.918700581021272
233.7,25+,3.493292520676392,4.145502542410863,4.9194824731733124
233.8,25+,3.4937282173408266,4.146090347999445,4.920264000059511
233.9,25+,3.49416369577813,4.1466778691984905,4.921045162158987
234,25+,3.4945989562786277,4.147265106383553,4.921825959950074
234.1,25+,3.4950339991321573,4.147852059929569,4.922606393910336
234.2,25+,3.495468824628063,4.148438730210847,4.923386464516551
234.3,25+,3.495903433055206,4.149025117601079,4.924166172244725
234.4,25+,3.4963378247019623,4.14961122247334,4.924945517570091
234.5,25+,3.496771999856214,4.1501970452000805,4.9257245009671005
234.6,25+,3.4972059588053694,4.1507825861531416,4.926503122909442
234.7,25+,3.497639701836342,4.15136784570374,4.9272813838700245
234.8,25+,3.4980732292355654,4.151952824222478,4.928059284320985
234.9,25+,3.498506541288993,4.152537522079352,4.9288368247337
235,25+,3.4989396382820916,4.153121939643732,4.929614005578769
235.1,25+,3.4993725204998474,4.153706077284381,4.930390827326025
235.2,25+,3.4998051882267704,4.154289935369453,4.931167290444539
235.3,25+,3.500237641746882,4.154873514266486,4.93194339540261
235.4,25+,3.500669881343733,4.1554568143424095,4.932719142667778
235.5,25+,3.50110190730039,4.156039835963544,4.933494532706818
235.6,25+,3.501533719899443,4.1566225794955995,4.934269565985739
235.7,25+,3.501965319423009,4.1572050453036855,4.935044242969798
235.8,25+,3.502396706152722,4.157787233752293,4.935818564123482
235.9,25+,3.502827880369746,4.158369145205319,4.936592529910528
236,25+,3.5032588423547693,4.158950780026051,4.937366140793909
236.1,25+,3.503689592388002,4.159532138577171,4.93813939723584
236.2,25+,3.504120130749185,4.160113221220761,4.938912299697787
236.3,25+,3.504550457717586,4.1606940283182965,4.939684848640454
236.4,25+,3.504980573572001,4.16127456023066,4.940457044523802
236.5,25+,3.505410478590754,4.161854817318124,4.941228887807024
236.6,25+,3.505840173051698,4.16243479994037,4.942000378948577
236.7,25+,3.506269657232219,4.163014508456478,4.942771518406158
236.8,25+,3.5066989314092307,4.163593943224927,4.943542306636717
236.9,25+,3.507127995859184,4.164173104603607,4.94431274409646
237,25+,3.5075568508580557,4.164751992949803,4.94508283124084
237.1,25+,3.5079854966813615,4.1653306086202155,4.94585256852457
237.2,25+,3.5084139336041473,4.16590895197094,4.946621956401611
237.3,25+,3.508842161900996,4.166487023357488,4.947390995325184
237.4,25+,3.5092701818460266,4.1670648231347744,4.948159685747769
237.5,25+,3.5096979937128916,4.167642351657125,4.948928028121102
237.6,25+,3.510125597774784,4.168219609278274,4.9496960228961795
237.7,25+,3.5105529943044336,4.168796596351366,4.950463670523258
237.8,25+,3.5109801835741066,4.16937331322896,4.951230971451855
237.9,25+,3.5114071658556103,4.169949760263023,4.951997926130753
238,25+,3.5118339414202913,4.170525937804936,4.952764535007991
238.1,25+,3.5122605105390363,4.171101846205499,4.953530798530883
238.2,25+,3.5126868734822767,4.1716774858149215,4.954296717146003
238.3,25+,3.513113030519982,4.172252856982831,4.955062291299193
238.4,25+,3.5135389819216662,4.172827960058271,4.955827521435561
238.5,25+,3.513964727956387,4.1734027953897055,4.956592407999485
238.6,25+,3.5143902688927473,4.1739773633250135,4.957356951434618
238.7,25+,3.5148156049988937,4.174551664211499,4.958121152183878
238.8,25+,3.5152407365425193,4.175125698395879,4.9588850106894595
238.9,25+,3.515665663790863,4.175699466224296,4.959648527392826
239,25+,3.5160903870107107,4.176272968042315,4.960411702734716
239.1,25+,3.5165149064684,4.176846204194924,4.9611745371551494
239.2,25+,3.516939222429813,4.177419175026536,4.961937031093419
239.3,25+,3.517363335160379,4.177991880880981,4.962699184988088
239.4,25+,3.5177872449250858,4.178564322101526,4.963460999277009
239.5,25+,3.518210951988465,4.179136499030857,4.964222474397311
239.6,25+,3.5186344566146026,4.179708412011095,4.964983610785403
239.7,25+,3.5190577590671364,4.180280061383779,4.965744408876976
239.8,25+,3.519480859609255,4.180851447489884,4.966504869107001
239.9,25+,3.5199037585037067,4.181422570669816,4.967264991909739
240,25+,3.520326456012788,4.181993431263408,4.968024777718731
240.1,25+,3.5207489523983524,4.182564029609928,4.9687842269668065
240.2,25+,3.521171247921812,4.183134366048075,4.969543340086081
240.3,25+,3.5215933428441333,4.183704440915984,4.97030211750796
240.4,25+,3.5220152374258378,4.184274254551221,4.971060559663136
240.5,25+,3.52243693192701,4.184843807290791,4.971818666981593
240.6,25+,3.522858426607291,4.185413099471134,4.9725764398926104
240.7,25+,3.523279721725879,4.185982131428125,4.973333878824748
240.8,25+,3.523700817541537,4.18655090349708,4.974090984205874
240.9,25+,3.5241217143125847,4.187119416012756,4.9748477564631415
241,25+,3.524542412296905,4.1876876693093426,4.975604196023002
241.1,25+,3.524962911751944,4.1882556637204775,4.976360303311206
241.2,25+,3.52538321293471,4.188823399579235,4.977116078752797
241.3,25+,3.525803316101775,4.189390877218136,4.977871522772121
241.4,25+,3.526223221509277,4.18995809696914,4.978626635792823
241.5,25+,3.5266429294129154,4.190525059163655,4.979381418237846
241.6,25+,3.527062440067958,4.191091764132531,4.98013587052944
241.7,25+,3.5274817537292416,4.191658212206068,4.980889993089158
241.8,25+,3.5279008706511648,4.1922244037140075,4.981643786337849
241.9,25+,3.5283197910876996,4.192790338985543,4.982397250695679
242,25+,3.528738515292381,4.193356018349311,4.983150386582105
242.1,25+,3.5291570435183197,4.193921442133408,4.983903194415909
242.2,25+,3.5295753760181907,4.194486610665366,4.984655674615166
242.3,25+,3.529993513044245,4.195051524272184,4.985407827597272
242.4,25+,3.530411454848301,4.1956161832803,4.986159653778922
242.5,25+,3.5308292016817524,4.196180588015613,4.986911153576136
242.6,25+,3.5312467537955623,4.19674473880347,4.98766232740423
242.7,25+,3.531664111440269,4.197308635968678,4.988413175677848
242.8,25+,3.5320812748659898,4.197872279835497,4.989163698810945
242.9,25+,3.5324982443224076,4.198435670727641,4.9899138972167805
243,25+,3.532915020058788,4.198998808968287,4.990663771307947
243.1,25+,3.5333316023239716,4.199561694880062,4.991413321496344
243.2,25+,3.5337479913663747,4.2001243287850585,4.9921625481931935
243.3,25+,3.534164187433993,4.2006867110048285,4.992911451809038
243.4,25+,3.5345801907744008,4.201248841860383,4.993660032753739
243.5,25+,3.534996001634747,4.201810721672189,4.994408291436474
243.6,25+,3.535411620261768,4.202372350760188,4.995156228265757
243.7,25+,3.5358270469017756,4.202933729443773,4.995903843649415
243.8,25+,3.5362422818006634,4.203494858041808,4.996651137994604
243.9,25+,3.536657325203908,4.204055736872621,4.997398111707808
244,25+,3.5370721773565688,4.204616366254003,4.998144765194828
244.1,25+,3.5374868385032867,4.205176746503212,4.998891098860807
244.2,25+,3.53790130888829,4.205736877936976,4.999637113110206
244.3,25+,3.538315588755387,4.206296760871493,5.000382808346824
244.4,25+,3.538729678347975,4.206856395622422,5.001128184973785
244.5,25+,3.539143577909037,4.207415782504898,5.001873243393545
244.6,25+,3.539557287681142,4.207974921833531,5.0026179840079035
244.7,25+,3.539970807906444,4.208533813922392,5.003362407217978
244.8,25+,3.5403841388266897,4.209092459085031,5.004106513424232
244.9,25+,3.540797280683212,4.209650857634473,5.004850303026464
245,25+,3.541210233716935,4.210209009883215,5.0055937764238125
245.1,25+,3.54162299816837,4.2107669161432275,5.006336934014744
245.2,25+,3.542035574277621,4.211324576725958,5.007079776197073
245.3,25+,3.5424479622843847,4.211881991942333,5.007822303367955
245.4,25+,3.542860162427948,4.212439162102752,5.00856451592388
245.5,25+,3.5432721749471905,4.212996087517097,5.009306414260686
245.6,25+,3.5436840000805874,4.213552768494731,5.010047998773554
245.7,25+,3.544095638066207,4.2141092053444895,5.010789269857005
245.8,25+,3.544507089141713,4.2146653983746996,5.011530227904917
245.9,25+,3.544918353544362,4.215221347893157,5.012270873310494
246,25+,3.5453294315110098,4.215777054207151,5.0130112064663095
246.1,25+,3.5457403232781095,4.216332517623451,5.013751227764272
246.2,25+,3.5461510290817104,4.21688773844831,5.014490937595644
246.3,25+,3.5465615491574605,4.217442716987467,5.0152303363510375
246.4,25+,3.5469718837406052,4.217997453546145,5.015969424420416
246.5,25+,3.547382033065993,4.218551948429057,5.016708202193096
246.6,25+,3.5477919973680674,4.219106201940399,5.017446670057748
246.7,25+,3.5482017768808793,4.219660214383862,5.018184828402397
246.8,25+,3.5486113718380783,4.220213986062623,5.018922677614425
246.9,25+,3.549020782472914,4.220767517279345,5.019660218080565
247,25+,3.5494300090182413,4.221320808336189,5.0203974501869135
247.1,25+,3.5498390517065177,4.221873859534802,5.021134374318923
247.2,25+,3.550247910769808,4.22242667117633,5.02187099086141
247.3,25+,3.5506565864397786,4.222979243561405,5.0226073001985405
247.4,25+,3.551065078947702,4.22353157699016,5.023343302713857
247.5,25+,3.5514733885244576,4.224083671762218,5.0240789987902525
247.6,25+,3.5518815154005337,4.224635528176702,5.024814388809991
247.7,25+,3.5522894598060213,4.225187146532226,5.025549473154698
247.8,25+,3.552697221970623,4.225738527126908,5.026284252205364
247.9,25+,3.5531048021236527,4.226289670258362,5.027018726342349
248,25+,3.553512200494028,4.226840576223699,5.027752895945379
248.1,25+,3.5539194173102833,4.2273912453195335,5.02848676139355
248.2,25+,3.5543264528005563,4.227941677841977,5.0292203230653225
248.3,25+,3.554733307192602,4.228491874086646,5.029953581338533
248.4,25+,3.5551399807137876,4.229041834348659,5.03068653659039
248.5,25+,3.55554647359109,4.229591558922636,5.031419189197473
248.6,25+,3.555952786051102,4.230141048102704,5.032151539535736
248.7,25+,3.556358918320029,4.23069030218249,5.0328835879805025
248.8,25+,3.5567648706236925,4.23123932145513,5.033615334906477
248.9,25+,3.5571706431875283,4.231788106213268,5.034346780687742
249,25+,3.557576236236591,4.2323366567490535,5.035077925697753
249.1,25+,3.5579816499955483,4.232884973354144,5.03580877030935
249.2,25+,3.5583868846886877,4.233433056319706,5.036539314894746
249.3,25+,3.558791940539915,4.233980905936416,5.037269559825536
249.4,25+,3.5591968177727495,4.23452852249446,5.037999505472697
249.5,25+,3.55960151661034,4.235075906283538,5.038729152206597
249.6,25+,3.5600060372754467,4.235623057592861,5.039458500396972
249.7,25+,3.5604103799904543,4.23616997671115,5.040187550412954
249.8,25+,3.560814544977368,4.236716663926646,5.040916302623061
249.9,25+,3.5612185324578127,4.237263119527097,5.041644757395185
250,25+,3.561622342653039,4.237809343799772,5.042372915096619
250.1,25+,3.56202597578392,4.238355337031455,5.04310077609404
250.2,25+,3.562429432070953,4.238901099508446,5.043828340753513
250.3,25+,3.5628327117342597,4.239446631516565,5.044555609440497
250.4,25+,3.5632358149935843,4.239991933341147,5.045282582519836
250.5,25+,3.5636387420683,4.24053700526705,5.046009260355771
250.6,25+,3.564041493177407,4.241081847578649,5.04673564331194
250.7,25+,3.564444068539528,4.241626460559841,5.047461731751365
250.8,25+,3.564846468372919,4.242170844494047,5.048187526036473
250.9,25+,3.5652486928954588,4.242714999664208,5.048913026529078
251,25+,3.565650742324662,4.243258926352788,5.049638233590404
251.1,25+,3.566052616877666,4.243802624841779,5.050363147581062
251.2,25+,3.5664543167712424,4.244346095412693,5.051087768861066
251.3,25+,3.5668558422217926,4.244889338346571,5.051812097789831
251.4,25+,3.5672571934453488,4.245432353923979,5.052536134726173
251.5,25+,3.567658370657577,4.245975142425012,5.053259880028308
251.6,25+,3.5680593740737763,4.246517704129291,5.053983334053857
251.7,25+,3.568460203908876,4.247060039315967,5.054706497159845
251.8,25+,3.568860860377441,4.247602148263719,5.0554293697027015
251.9,25+,3.569261343693674,4.248144031250761,5.0561519520382605
252,25+,3.5696616540714072,4.2486856885548345,5.056874244521765
252.1,25+,3.570061791724114,4.249227120453211,5.057596247507866
252.2,25+,3.5704617568649017,4.249768327222701,5.058317961350624
252.3,25+,3.5708615497065144,4.2503093091396424,5.059039386403504
252.4,25+,3.5712611704613337,4.250850066479911,5.059760523019385
252.5,25+,3.5716606193413827,4.251390599518916,5.060481371550561
252.6,25+,3.5720598965583212,4.251930908531605,5.0612019323487365
252.7,25+,3.572459002323449,4.252470993792461,5.061922205765029
252.8,25+,3.5728579368477043,4.253010855575503,5.062642192149967
252.9,25+,3.5732567003416698,4.253550494154289,5.063361891853501
253,25+,3.5736552930155683,4.254089909801919,5.064081305224995
253.1,25+,3.5740537150792617,4.254629102791025,5.064800432613228
253.2,25+,3.57445196674226,4.255168073393788,5.065519274366402
253.3,25+,3.574850048213712,4.25570682188193,5.066237830832136
253.4,25+,3.5752479597024127,4.256245348526706,5.066956102357468
253.5,25+,3.575645701416802,4.256783653598925,5.067674089288857
253.6,25+,3.5760432735649643,4.257321737368933,5.068391791972191
253.7,25+,3.5764406763546286,4.257859600106622,5.069109210752773
253.8,25+,3.5768379099931713,4.258397242081428,5.069826345975329
253.9,25+,3.5772349746876175,4.2589346635623375,5.07054319798402
254,25+,3.5776318706446375,4.259471864817877,5.071259767122423
254.1,25+,3.5780285980705515,4.2600088461161265,5.071976053733547
254.2,25+,3.5784251571713277,4.26054560772471,5.072692058159827
254.3,25+,3.578821548152583,4.261082149910803,5.073407780743127
254.4,25+,3.5792177712195854,4.26161847294113,5.074123221824739
254.5,25+,3.5796138265772552,4.262154577081965,5.0748383817453915
254.6,25+,3.5800097144301604,4.262690462599135,5.075553260845235
254.7,25+,3.580405434982526,4.263226129758019,5.076267859463867
254.8,25+,3.58080098843822,4.263761578823544,5.076982177940296
254.9,25+,3.581196375000778,4.2642968100602,5.077696216612991
255,25+,3.581591594873373,4.264831823732023,5.078409975819835
255.1,25+,3.5819866482588467,4.265366620102608,5.079123455898161
255.2,25+,3.5823815353596853,4.265901199435103,5.079836657184728
255.3,25+,3.582776256378038,4.266435561992215,5.080549580015747
255.4,25+,3.5831708115157035,4.266969708036208,5.081262224726851
255.5,25+,3.583565200974142,4.267503637828903,5.081974591653126
255.6,25+,3.58395942495447,4.268037351631682,5.082686681129097
255.7,25+,3.58435348365746,4.268570849705483,5.083398493488724
255.8,25+,3.584747377283544,4.269104132310808,5.084110029065416
255.9,25+,3.585141106032816,4.269637199707717,5.084821288192023
256,25+,3.585534670105025,4.270170052155835,5.085532271200842
256.1,25+,3.5859280696995808,4.270702689914345,5.08624297842361
256.2,25+,3.5863213050155593,4.271235113241999,5.0869534101915175
256.3,25+,3.586714376251692,4.271767322397109,5.0876635668351975
256.40000000000003,25+,3.5871072836063735,4.27229931763755,5.088373448684731
256.5,25+,3.587500027277665,4.272831099220771,5.0890830560696525
256.6,25+,3.5878926074632864,4.273362667403777,5.089792389318942
256.7,25+,3.5882850243606224,4.273894022443146,5.090501448761029
256.8,25+,3.588677278166724,4.274425164595022,5.091210234723803
256.90000000000003,25+,3.589069369078306,4.274956094115121,5.091918747534599
257,25+,3.589461297291748,4.275486811258719,5.092626987520207
257.1,25+,3.5898530630030963,4.276017316280671,5.093334955006873
257.2,25+,3.5902446664080645,4.276547609435402,5.094042650320298
257.3,25+,3.5906361077020343,4.2770776909769035,5.094750073785638
257.40000000000003,25+,3.591027387080051,4.277607561158739,5.0954572257275075
257.5,25+,3.5914185047368345,4.278137220234052,5.096164106469981
257.6,25+,3.59180946086677,4.278666668455554,5.09687071633659
257.7,25+,3.592200255663913,4.279195906075533,5.0975770556503255
257.8,25+,3.5925908893219898,4.279724933345848,5.098283124733641
257.90000000000003,25+,3.592981362034396,4.280253750517939,5.09898892390845
258,25+,3.593371673994201,4.28078235784282,5.09969445349613
258.1,25+,3.593761825394144,4.281310755571081,5.100399713817519
258.2,25+,3.594151816426638,4.281838943952894,5.101104705192929
258.3,25+,3.5945416472837675,4.282366923238006,5.101809427942125
258.40000000000003,25+,3.594931318157295,4.282894693675747,5.102513882384349
258.5,25+,3.59532082923865,4.283422255515019,5.103218068838297
258.6,25+,3.5957101807189433,4.283949609004314,5.103921987622149
258.7,25+,3.5960993727889585,4.284476754391705,5.104625639053542
258.8,25+,3.5964884056391546,4.28500369192484,5.105329023449587
258.90000000000003,25+,3.5968772794596684,4.2855304218509565,5.106032141126869
259,25+,3.5972659944403147,4.286056944416874,5.106734992401439
259.1,25+,3.5976545507705824,4.286583259868996,5.107437577588823
259.2,25+,3.598042948639642,4.287109368453311,5.108139897004019
259.3,25+,3.598431188236344,4.287635270415394,5.108841950961505
259.40000000000003,25+,3.598819269749213,4.288160966000408,5.109543739775227
259.5,25+,3.599207193366456,4.288686455453096,5.110245263758608
259.6,25+,3.5995949592759633,4.2892117390178015,5.110946523224552
259.7,25+,3.5999825676653017,4.289736816938443,5.1116475184854355
259.8,25+,3.600370018721726,4.290261689458541,5.112348249853121
259.90000000000003,25+,3.6007573126321644,4.290786356821199,5.113048717638944
260,25+,3.601144449583236,4.291310819269111,5.1137489221537225
260.1,25+,3.6015314297612373,4.291835077044565,5.1144488637077545
260.2,25+,3.601918253352153,4.292359130389442,5.115148542610826
260.3,25+,3.602304920541652,4.2928829795452135,5.115847959172202
260.40000000000003,25+,3.602691431515082,4.293406624752944,5.116547113700623
260.5,25+,3.603077786457485,4.293930066253296,5.117246006504331
260.6,25+,3.603463985553584,4.294453304286524,5.117944637891042
260.7,25+,3.6038500289877873,4.2949763390924804,5.11864300816796
260.8,25+,3.6042359169441966,4.295499170910613,5.119341117641785
260.90000000000003,25+,3.6046216496065946,4.296021799979965,5.120038966618687
261,25+,3.6050072271584583,4.296544226539183,5.120736555404348
261.1,25+,3.605392649782948,4.297066450826505,5.121433884303923
261.2,25+,3.605777917662916,4.297588473079772,5.122130953622062
261.3,25+,3.606163030980905,4.298110293536426,5.1228277636629125
261.40000000000003,25+,3.6065479899191497,4.298631912433508,5.1235243147301075
261.5,25+,3.606932794659569,4.299153330007656,5.124220607126772
261.6,25+,3.6073174453837855,4.299674546495124,5.124916641155541
261.7,25+,3.607701942273102,4.300195562131753,5.125612417118523
261.8,25+,3.608086285508519,4.300716377152995,5.126307935317337
261.90000000000003,25+,3.608470475270732,4.301236991793904,5.127003196053094
262,25+,3.608854511740127,4.30175740628914,5.127698199626403
262.1,25+,3.609238395096789,4.30227762087297,5.128392946337373
262.2,25+,3.609622125520489,4.302797635779263,5.129087436485609
262.3,25+,3.610005703190703,4.303317451241498,5.12978167037022
262.40000000000003,25+,3.610389128286601,4.303837067492763,5.130475648289818
262.5,25+,3.610772400987042,4.304356484765748,5.131169370542509
262.6,25+,3.611155521470592,4.3048757032927565,5.131862837425908
262.7,25+,3.611538489915509,4.305394723305703,5.132556049237134
262.8,25+,3.61192130649975,4.305913545036107,5.1332490062728064
262.90000000000003,25+,3.612303971400973,4.306432168715106,5.133941708829055
263,25+,3.612686484796531,4.306950594573443,5.134634157201513
263.1,25+,3.613068846863479,4.307468822841474,5.135326351685319
263.2,25+,3.613451057778576,4.307986853749172,5.136018292575123
263.3,25+,3.613833117718274,4.308504687526121,5.136709980165083
263.40000000000003,25+,3.614215026858733,4.309022324401519,5.137401414748866
263.5,25+,3.61459678537581,4.3095397646041755,5.138092596619643
263.6,25+,3.6149783934450705,4.310057008362525,5.138783526070112
263.7,25+,3.615359851241775,4.310574055904612,5.139474203392468
263.8,25+,3.6157411589408945,4.3110909074580945,5.140164628878424
263.90000000000003,25+,3.616122316717101,4.311607563250258,5.140854802819209
264,25+,3.6165033247447687,4.312124023507997,5.141544725505564
264.1,25+,3.616884183197983,4.312640288457833,5.142234397227748
264.2,25+,3.61726489225053,4.313156358325899,5.142923818275532
264.3,25+,3.6176454520759025,4.313672233337954,5.143612988938209
264.40000000000003,25+,3.618025862847301,4.314187913719376,5.144301909504586
264.5,25+,3.618406124737633,4.314703399695167,5.1449905802629905
264.6,25+,3.6187862379195126,4.315218691489948,5.14567900150127
264.7,25+,3.619166202565265,4.315733789327963,5.146367173506789
264.8,25+,3.6195460188469193,4.316248693433083,5.147055096566438
264.90000000000003,25+,3.61992568693622,4.316763404028802,5.147742770966629
265,25+,3.6203052070046162,4.317277921338238,5.148430196993295
265.1,25+,3.6206845792232696,4.317792245584135,5.1491173749318895
265.2,25+,3.621063803763049,4.31830637698886,5.149804305067393
265.3,25+,3.621442880794545,4.318820315774418,5.150490987684321
265.40000000000003,25+,3.6218218104880457,4.319334062162427,5.151177423066698
265.5,25+,3.6222005930135626,4.319847616374143,5.151863611498086
265.6,25+,3.6225792285408143,4.320360978630447,5.152549553261572
265.7,25+,3.622957717239237,4.320874149151851,5.153235248639775
265.8,25+,3.623336059277976,4.321387128158498,5.153920697914838
265.90000000000003,25+,3.623714254825895,4.321899915870158,5.154605901368436
266,25+,3.6240923040515702,4.32241251250624,5.155290859281779
266.1,25+,3.624470207123296,4.322924918285776,5.155975571935602
266.2,25+,3.62484796420908,4.323437133427439,5.15666003961018
266.3,25+,3.625225575476644,4.323949158149526,5.157344262585308
266.40000000000003,25+,3.6256030410934352,4.32446099266998,5.158028241140339
266.5,25+,3.625980361226608,4.324972637206368,5.158711975554135
266.6,25+,3.626357536043045,4.325484091975902,5.159395466105112
266.7,25+,3.6267345657093375,4.325995357195419,5.160078713071212
266.8,25+,3.627111450391805,4.326506433081405,5.160761716729923
266.90000000000003,25+,3.6274881902564777,4.327017319849971,5.161444477358265
267,25+,3.6278647854691104,4.327528017716873,5.162126995232796
267.1,25+,3.6282412361951817,4.32803852689751,5.162809270629622
267.2,25+,3.628617542599885,4.328548847606909,5.16349130382438
267.3,25+,3.628993704848137,4.329058980059744,5.164173095092255
267.40000000000003,25+,3.6293697231045794,4.329568924470331,5.1648546447079715
267.5,25+,3.629745597533574,4.330078681052622,5.165535952945799
267.6,25+,3.630121328299204,4.330588250020211,5.1662170200795465
267.7,25+,3.63049691556528,4.331097631586341,5.1668978463825725
267.8,25+,3.630872359495332,4.33160682596389,5.167578432127775
267.90000000000003,25+,3.6312476602526216,4.3321158333653855,5.168258777587608
268,25+,3.6316228180001273,4.332624654002998,5.168938883034063
268.1,25+,3.631997832900558,4.333133288088538,5.169618748738681
268.2,25+,3.6323727051163464,4.333641735833468,5.170298374972556
268.3,25+,3.6327474348096542,4.334149997448895,5.170977762006329
268.40000000000003,25+,3.633122022142369,4.3346580731455715,5.171656910110187
268.5,25+,3.633496467276104,4.335165963133898,5.172335819553876
268.6,25+,3.633870770372202,4.335673667623923,5.173014490606686
268.7,25+,3.634244931591734,4.3361811868253435,5.173692923537462
268.8,25+,3.6346189510955007,4.336688520947504,5.174371118614602
268.90000000000003,25+,3.634992829044032,4.337195670199407,5.175049076106065
269,25+,3.635366565597584,4.337702634789693,5.175726796279348
269.1,25+,3.6357401609161535,4.338209414926667,5.176404279401528
269.2,25+,3.636113615159456,4.338716010818274,5.177081525739212
269.3,25+,3.636486928486943,4.339222422672116,5.1777585355585805
269.40000000000003,25+,3.6368601010578017,4.339728650695451,5.1784353091253665
269.5,25+,3.637233133030948,4.340234695095192,5.179111846704869
269.6,25+,3.63760602456503,4.340740556077893,5.179788148561931
269.7,25+,3.637978775818432,4.341246233849782,5.180464214960976
269.8,25+,3.638351386949268,4.341751728616727,5.181140046165965
269.90000000000003,25+,3.63872385811539,4.342257040584258,5.181815642440441
270,25+,3.6390961894743854,4.342762169957565,5.182491004047501
270.1,25+,3.639468381183572,4.343267116941489,5.183166131249803
270.2,25+,3.6398404334000074,4.343771881740533,5.183841024309573
270.3,25+,3.640212346280486,4.3442764645588605,5.184515683488603
270.40000000000003,25+,3.640584119981536,4.344780865600287,5.185190109048245
270.5,25+,3.640955754659424,4.345285085068291,5.185864301249419
270.6,25+,3.6413272504701553,4.345789123166018,5.186538260352619
270.7,25+,3.6416986075694697,4.346292980096263,5.1872119866178945
270.8,25+,3.642069826112851,4.34679665606149,5.187885480304875
270.90000000000003,25+,3.642440906255519,4.347300151263828,5.188558741672752
271,25+,3.642811848152432,4.3478034659050575,5.189231770980289
271.1,25+,3.6431826519582904,4.348306600186633,5.189904568485823
271.2,25+,3.643553317827536,4.348809554309669,5.190577134447261
271.3,25+,3.643923845914348,4.349312328474944,5.191249469122079
271.40000000000003,25+,3.644294236372649,4.349814922882903,5.191921572767328
271.5,25+,3.644664489356104,4.350317337733655,5.192593445639635
271.6,25+,3.6450346050181217,4.350819573226979,5.193265087995203
271.7,25+,3.6454045835118487,4.351321629562318,5.193936500089805
271.8,25+,3.645774424990178,4.3518235069387785,5.194607682178788
271.90000000000003,25+,3.646144129605751,4.352325205555149,5.1952786345170905
272,25+,3.6465136975109447,4.352826725609869,5.195949357359208
272.1,25+,3.646883128857885,4.35332806730106,5.196619850959228
272.2,25+,3.6472524237984447,4.353829230826509,5.197290115570815
272.3,25+,3.647621582484238,4.354330216383673,5.197960151447209
272.40000000000003,25+,3.647990605066632,4.354831024169683,5.198629958841239
272.5,25+,3.648359491696731,4.355331654381337,5.199299538005302
272.6,25+,3.6487282425253937,4.35583210721511,5.19996888919139
272.7,25+,3.6490968577032223,4.356332382867145,5.200638012651069
272.8,25+,3.649465337380571,4.356832481533267,5.201306908635493
272.90000000000003,25+,3.649833681707537,4.357332403408963,5.201975577395396
273,25+,3.650201890833973,4.357832148689407,5.202644019181106
273.1,25+,3.6505699649094754,4.358331717569439,5.203312234242526
273.2,25+,3.65093790408339,4.358831110243577,5.203980222829147
273.3,25+,3.651305708504815,4.359330326906016,5.204647985190051
273.40000000000003,25+,3.6516733783226054,4.359829367750636,5.2053155215739135
273.5,25+,3.652040913685356,4.360328232970977,5.2059828322289805
273.6,25+,3.6524083147414177,4.360826922760271,5.206649917403104
273.7,25+,3.652775581638898,4.361325437311427,5.207316777343722
273.8,25+,3.653142714525651,4.361823776817029,5.207983412297859
273.90000000000003,25+,3.653509713549285,4.3623219414693395,5.208649822512132
274,25+,3.6538765788571657,4.362819931460312,5.209316008232755
274.1,25+,3.654243310596407,4.36331774698157,5.209981969705529
274.2,25+,3.654609908913879,4.363815388224421,5.210647707175853
274.3,25+,3.65497637395621,4.3643128553798585,5.211313220888715
274.40000000000003,25+,3.6553427058697774,4.364810148638554,5.211978511088704
274.5,25+,3.65570890480072,4.365307268190866,5.21264357802
274.6,25+,3.656074970894929,4.365804214226836,5.213308421926385
274.7,25+,3.656440904298053,4.366300986936186,5.213973043051231
274.8,25+,3.6568067051555,4.366797586508331,5.214637441637515
274.90000000000003,25+,3.657172373612429,4.367294013132362,5.215301617927805
275,25+,3.6575379098137666,4.367790266997066,5.215965572164277
275.1,25+,3.657903313904189,4.368286348290906,5.216629304588697
275.2,25+,3.658268586028134,4.368782257202042,5.217292815442443
275.3,25+,3.6586337263298,4.369277993918315,5.217956104966485
275.40000000000003,25+,3.6589987349531454,4.36977355862726,5.2186191734014
275.5,25+,3.659363612041884,4.370268951516096,5.219282020987366
275.6,25+,3.6597283577394975,4.370764172771734,5.219944647964167
275.7,25+,3.660092972189221,4.371259222580773,5.220607054571184
275.8,25+,3.660457455534055,4.371754101129505,5.221269241047413
275.90000000000003,25+,3.660821807916763,4.372248808603913,5.221931207631449
276,25+,3.6611860294798686,4.37274334518967,5.222592954561498
276.1,25+,3.661550120365658,4.373237711072144,5.223254482075368
276.2,25+,3.66191408071618,4.373731906436391,5.223915790410475
276.3,25+,3.6622779106732497,4.374225931467167,5.224576879803848
276.40000000000003,25+,3.6626416103784423,4.374719786348915,5.225237750492123
276.5,25+,3.6630051799731023,4.375213471265779,5.225898402711544
276.6,25+,3.6633686195983346,4.3757069864015925,5.226558836697967
276.7,25+,3.663731929395011,4.376200331939888,5.227219052686859
276.8,25+,3.664095109503773,4.376693508063895,5.227879050913302
276.90000000000003,25+,3.6644581600650175,4.377186514956535,5.228538831611982
277,25+,3.664821081218918,4.377679352800429,5.229198395017205
277.1,25+,3.665183873105414,4.3781720217779,5.229857741362894
277.2,25+,3.665546535864209,4.378664522070963,5.230516870882578
277.3,25+,3.665909069634776,4.379156853861337,5.23117578380941
277.40000000000003,25+,3.666271474556353,4.3796490173304345,5.23183448037615
277.5,25+,3.666633750767954,4.380141012659374,5.232492960815183
277.6,25+,3.6669958984083544,4.38063284002897,5.233151225358503
277.7,25+,3.6673579176161057,4.3811244996197445,5.233809274237734
277.8,25+,3.6677198085295215,4.38161599161191,5.234467107684104
277.90000000000003,25+,3.6680815712866943,4.382107316185391,5.235124725928473
278,25+,3.6684432060254832,4.382598473519813,5.235782129201314
278.1,25+,3.6688047128835186,4.383089463794502,5.236439317732725
278.2,25+,3.669166091998201,4.3835802871884875,5.2370962917524215
278.3,25+,3.6695273435067097,4.3840709438805066,5.237753051489745
278.40000000000003,25+,3.669888467545986,4.384561434048997,5.238409597173653
278.5,25+,3.670249464252751,4.385051757872104,5.239065929032732
278.6,25+,3.670610333763502,4.385541915527681,5.239722047295196
278.7,25+,3.6709710762145034,4.386031907193285,5.240377952188879
278.8,25+,3.671331691741795,4.386521733046179,5.241033643941239
278.90000000000003,25+,3.671692180481195,4.387011393263337,5.241689122779363
279,25+,3.672052542568291,4.387500888021434,5.24234438892996
279.1,25+,3.672412778138453,4.387990217496865,5.242999442619377
279.2,25+,3.672772887326819,4.388479381865723,5.243654284073579
279.3,25+,3.6731328702683097,4.388968381303817,5.244308913518163
279.40000000000003,25+,3.67349272709762,4.389457215986666,5.244963331178359
279.5,25+,3.6738524579492218,4.389945886089494,5.2456175372790215
279.6,25+,3.6742120629573622,4.390434391787243,5.246271532044638
279.7,25+,3.6745715422560714,4.390922733254562,5.246925315699329
279.8,25+,3.674930895979153,4.3914109106658135,5.247578888466846
279.90000000000003,25+,3.675290124260192,4.391898924195075,5.248232250570572
280,25+,3.6756492272325496,4.392386774016134,5.248885402233523
280.1,25+,3.676008205029372,4.392874460302495,5.2495383436783545
280.2,25+,3.676367057783579,4.39336198322737,5.250191075127347
280.3,25+,3.676725785627875,4.393849342963696,5.2508435968024285
280.40000000000003,25+,3.677084388694746,4.394336539684122,5.251495908925158
280.5,25+,3.677442867116453,4.394823573561004,5.252148011716721
280.6,25+,3.677801221025043,4.395310444766426,5.252799905397957
280.7,25+,3.6781594505523456,4.3957971534721825,5.253451590189331
280.8,25+,3.678517555829971,4.3962836998497865,5.254103066310956
280.90000000000003,25+,3.6788755369893127,4.3967700840704715,5.254754333982574
281,25+,3.6792333941615465,4.397256306305186,5.255405393423578
281.1,25+,3.6795911274776336,4.397742366724599,5.256056244852993
281.2,25+,3.679948737068317,4.3982282654991005,5.25670688848949
281.3,25+,3.680306223064125,4.398714002798795,5.2573573245513785
281.40000000000003,25+,3.680663585595372,4.399199578793515,5.258007553256614
281.5,25+,3.681020824792155,4.399684993652808,5.2586575748227915
281.6,25+,3.681377940784356,4.400170247545943,5.259307389467152
281.7,25+,3.6817349337016463,4.400655340641917,5.2599569974065785
281.8,25+,3.682091803673484,4.401140273109446,5.260606398857609
281.90000000000003,25+,3.682448550829109,4.401625045116966,5.261255594036415
282,25+,3.68280517529755,4.402109656832637,5.261904583158811
282.1,25+,3.683161677207626,4.402594108424351,5.262553366440277
282.2,25+,3.683518056687941,4.403078400059713,5.263201944095923
282.3,25+,3.6838743138668906,4.403562531906063,5.263850316340518
282.40000000000003,25+,3.684230448872654,4.404046504130459,5.264498483388474
282.5,25+,3.684586461833202,4.404530316899688,5.265146445453851
282.6,25+,3.684942352876298,4.405013970380266,5.265794202750368
282.7,25+,3.685298122129491,4.405497464738431,5.266441755491388
282.8,25+,3.68565376972012,4.405980800140154,5.267089103889924
282.90000000000003,25+,3.6860092957753183,4.406463976751128,5.267736248158646
283,25+,3.6863647004220064,4.40694699473678,5.268383188509872
283.1,25+,3.686719983786899,4.4074298542622605,5.269029925155575
283.2,25+,3.6870751459965,4.4079125554924525,5.269676458307382
283.3,25+,3.687430187177107,4.408395098591972,5.270322788176578
283.40000000000003,25+,3.6877851074548103,4.4088774837251625,5.270968914974097
283.5,25+,3.688139906955497,4.409359711056099,5.271614838910536
283.6,25+,3.6884945858048344,4.4098417807485815,5.272260560196138
283.7,25+,3.688849144128299,4.410323692966153,5.272906079040811
283.8,25+,3.6892035820511526,4.410805447872081,5.273551395654119
283.90000000000003,25+,3.689557899698454,4.411287045629372,5.274196510245285
284,25+,3.689912097195054,4.4117684864007565,5.274841423023186
284.1,25+,3.6902661746656062,4.412249770348714,5.275486134196367
284.2,25+,3.6906201322345487,4.41273089763544,5.276130643973024
284.3,25+,3.690973970026126,4.413211868422881,5.276774952561021
284.40000000000003,25+,3.691327688164372,4.413692682872708,5.277419060167877
284.5,25+,3.691681286773119,4.4141733411463315,5.278062967000774
284.6,25+,3.692034765975998,4.414653843404901,5.278706673266565
284.7,25+,3.692388125896437,4.415134189809299,5.279350179171755
284.8,25+,3.692741366657661,4.415614380520147,5.2799934849225165
284.90000000000003,25+,3.693094488382692,4.416094415697803,5.280636590724689
285,25+,3.693447491194355,4.4165742955023655,5.2812794967837755
285.1,25+,3.693800375215268,4.41705402009367,5.2819222033049424
285.2,25+,3.694153140567854,4.41753358963129,5.282564710493023
285.3,25+,3.694505787374332,4.4180130042745445,5.283207018552524
285.40000000000003,25+,3.6948583157567207,4.418492264182483,5.283849127687604
285.5,25+,3.695210725836843,4.418971369513902,5.2844910381021055
285.6,25+,3.695563017736319,4.419450320427341,5.285132749999532
285.7,25+,3.695915191576573,4.419929117081076,5.285774263583058
285.8,25+,3.696267247478827,4.420407759633125,5.286415579055523
285.90000000000003,25+,3.696619185564107,4.420886248241254,5.287056696619444
286,25+,3.6969710059532432,4.421364583062967,5.287697616477007
286.1,25+,3.697322708766865,4.421842764255513,5.288338338830066
286.2,25+,3.697674294125408,4.422320791975887,5.288978863880151
286.3,25+,3.698025762149107,4.422798666380823,5.28961919182846
286.40000000000003,25+,3.698377112958005,4.423276387626804,5.29025932287587
286.5,25+,3.698728346671947,4.423753955870059,5.290899257222929
286.6,25+,3.699079463410583,4.4242313712665595,5.291538995069859
286.7,25+,3.6994304632933663,4.424708633972026,5.2921785366165555
286.8,25+,3.6997813464395586,4.425185744141926,5.2928178820625975
286.90000000000003,25+,3.700132112968223,4.42566270193147,5.293457031607231
287,25+,3.700482762998231,4.42613950749562,5.294095985449381
287.1,25+,3.700833296648261,4.426616160989085,5.294734743787653
287.2,25+,3.701183714036796,4.427092662566324,5.29537330682033
287.3,25+,3.701534015282129,4.427569012381543,5.296011674745372
287.40000000000003,25+,3.701884200502356,4.428045210588696,5.296649847760415
287.5,25+,3.702234269815385,4.428521257341493,5.297287826062784
287.6,25+,3.702584223338929,4.428997152793389,5.297925609849477
287.7,25+,3.70293406119051,4.429472897097589,5.298563199317168
287.8,25+,3.703283783487461,4.429948490407053,5.299200594662227
287.90000000000003,25+,3.7036333903469214,4.430423932874493,5.299837796080693
288,25+,3.70398288188584,4.430899224652371,5.300474803768295
288.1,25+,3.7043322582209814,4.431374365892902,5.301111617920444
288.2,25+,3.7046815194689096,4.431849356748054,5.3017482387322294
288.3,25+,3.705030665746009,4.432324197369549,5.302384666398434
288.40000000000003,25+,3.70537969716847,4.432798887908866,5.303020901113518
288.5,25+,3.705728613852292,4.433273428517229,5.303656943071626
288.6,25+,3.706077415913295,4.43374781934563,5.304292792466598
288.7,25+,3.7064261034671024,4.434222060544807,5.304928449491953
288.8,25+,3.706774676629153,4.434696152265259,5.305563914340901
288.90000000000003,25+,3.707123135514697,4.435170094657236,5.306199187206334
289,25+,3.7074714802387985,4.43564388787075,5.306834268280838
289.1,25+,3.7078197109163344,4.436117532055564,5.307469157756685
289.2,25+,3.7081678276619976,4.4365910273612075,5.3081038558258395
289.3,25+,3.7085158305902937,4.437064373936962,5.308738362679953
289.40000000000003,25+,3.70886371981554,4.437537571931867,5.309372678510369
289.5,25+,3.709211495451872,4.4380106214947235,5.310006803508122
289.6,25+,3.709559157613239,4.43848352277409,5.310640737863937
289.7,25+,3.7099067064134057,4.438956275918288,5.311274481768234
289.8,25+,3.7102541419659496,4.4394288810753935,5.311908035411121
289.90000000000003,25+,3.710601464384271,4.43990133839325,5.312541398982404
290,25+,3.710948673781582,4.440373648019459,5.313174572671582
290.1,25+,3.7112957702709113,4.440845810101381,5.313807556667847
290.2,25+,3.7116427539651062,4.441317824786143,5.314440351160088
290.3,25+,3.711989624976832,4.441789692220633,5.315072956336887
290.40000000000003,25+,3.712336383418569,4.442261412551498,5.315705372386523
290.5,25+,3.712683029402617,4.442732985925156,5.316337599496974
290.6,25+,3.713029563041097,4.443204412487784,5.316969637855912
290.7,25+,3.713375984445944,4.443675692385321,5.317601487650711
290.8,25+,3.713722293728917,4.444146825763478,5.318233149068438
290.90000000000003,25+,3.714068491001588,4.444617812767721,5.31886462229586
291,25+,3.714414576375357,4.445088653543289,5.319495907519449
291.1,25+,3.7147605499614382,4.4455593482351885,5.3201270049253715
291.2,25+,3.715106411870868,4.446029896988184,5.320757914699493
291.3,25+,3.7154521622145062,4.446500299946815,5.321388637027391
291.40000000000003,25+,3.715797801103028,4.446970557255385,5.32201917209433
291.5,25+,3.716143328646933,4.44744066905796,5.322649520085282
291.6,25+,3.716488744956546,4.447910635498387,5.32327968118493
291.7,25+,3.716834050142007,4.448380456720265,5.323909655577646
291.8,25+,3.717179244313285,4.448850132866977,5.3245394434475175
291.90000000000003,25+,3.717524327580169,4.449319664081667,5.325169044978331
292,25+,3.717869300052271,4.449789050507252,5.325798460353581
292.1,25+,3.718214161839025,4.4502582922864145,5.32642768975646
292.2,25+,3.7185589130496934,4.450727389561614,5.327056733369875
292.3,25+,3.718903553793357,4.4511963424750745,5.327685591376434
292.40000000000003,25+,3.719248084178926,4.451665151168801,5.328314263958459
292.5,25+,3.719592504315132,4.45213381578456,5.328942751297969
292.6,25+,3.719936814310533,4.452602336463895,5.329571053576699
292.7,25+,3.720281014273513,4.453070713348125,5.330199170976092
292.8,25+,3.7206251043122807,4.453538946578337,5.330827103677297
292.90000000000003,25+,3.72096908453487,4.4540070362953905,5.331454851861171
293,25+,3.721312955049144,4.454474982639929,5.332082415708288
293.1,25+,3.721656715962792,4.45494278575236,5.33270979539893
293.2,25+,3.722000367383325,4.455410445772867,5.333336991113084
293.3,25+,3.72234390941809,4.4558779628414165,5.333964003030459
293.40000000000003,25+,3.7226873421742552,4.456345337097741,5.334590831330471
293.5,25+,3.7230306657588192,4.456812568681356,5.335217476192245
293.6,25+,3.7233738802786087,4.457279657731549,5.335843937794627
293.7,25+,3.72371698584028,4.457746604387388,5.336470216316174
293.8,25+,3.7240599825503167,4.458213408787716,5.337096311935155
293.90000000000003,25+,3.72440287051503,4.458680071071153,5.337722224829553
294,25+,3.7247456498405658,4.459146591376099,5.338347955177073
294.1,25+,3.725088320632896,4.459612969840733,5.338973503155132
294.2,25+,3.7254308829978258,4.4600792066030115,5.339598868940864
294.3,25+,3.7257733370409833,4.460545301800668,5.340224052711112
294.40000000000003,25+,3.7261156828678392,4.46101125557122,5.340849054642453
294.5,25+,3.726457920583688,4.461477068051966,5.341473874911169
294.6,25+,3.726800050293654,4.461942739379978,5.342098513693263
294.7,25+,3.727142072102701,4.462408269692119,5.342722971164464
294.8,25+,3.727483986115614,4.462873659125023,5.3433472475002075
294.90000000000003,25+,3.7278257924370224,4.463338907815113,5.343971342875663
295,25+,3.728167491171379,4.4638040158985905,5.344595257465709
295.1,25+,3.728509082422976,4.4642689835114435,5.345218991444956
295.2,25+,3.728850566295933,4.464733810789437,5.345842544987724
295.3,25+,3.72919194289421,4.465198497868125,5.346465918268067
295.40000000000003,25+,3.729533212321593,4.4656630448828425,5.347089111459752
295.5,25+,3.72987437468171,4.466127451968708,5.347712124736273
295.6,25+,3.730215430078019,4.466591719260627,5.348334958270852
295.7,25+,3.7305563786138154,4.467055846893291,5.348957612236429
295.8,25+,3.7308972203922273,4.46751983500117,5.349580086805669
295.90000000000003,25+,3.731237955516221,4.4679836837185265,5.350202382150963
296,25+,3.731578584088593,4.468447393179404,5.350824498444427
296.1,25+,3.7319191062119863,4.468910963517642,5.351446435857911
296.2,25+,3.732259521988872,4.469374394866856,5.35206819456298
296.3,25+,3.732599831521558,4.469837687360453,5.352689774730932
296.40000000000003,25+,3.7329400349121937,4.47030084113163,5.353311176532792
296.5,25+,3.733280132262762,4.4707638563133685,5.353932400139312
296.6,25+,3.7336201236750863,4.471226733038439,5.354553445720973
296.7,25+,3.7339600092508265,4.471689471439407,5.35517431344799
296.8,25+,3.734299789091479,4.472152071648616,5.355795003490297
296.90000000000003,25+,3.734639463298382,4.472614533798209,5.356415516017566
297,25+,3.734979031972713,4.473076858020116,5.3570358511992024
297.1,25+,3.735318495215483,4.4735390444460545,5.357656009204333
297.2,25+,3.73565785312755,4.474001093207538,5.3582759902018235
297.3,25+,3.735997105809607,4.474463004435868,5.358895794360271
297.40000000000003,25+,3.736336253362188,4.474924778262136,5.359515421848002
297.5,25+,3.736675295885664,4.475386414817227,5.360134872833074
297.6,25+,3.7370142334802567,4.475847914231825,5.3607541474832905
297.7,25+,3.737353066246018,4.476309276636396,5.361373245966175
297.8,25+,3.737691794282843,4.4767705021612,5.361992168448986
297.90000000000003,25+,3.7380304176904766,4.477231590936304,5.362610915098734
298,25+,3.7383689365684942,4.4776925430915515,5.36322948608214
298.1,25+,3.738707351016321,4.478153358756592,5.363847881565684
298.2,25+,3.739045661133223,4.478614038060864,5.364466101715567
298.3,25+,3.739383867018306,4.479074581133604,5.365084146697733
298.40000000000003,25+,3.7397219687705223,4.479534988103843,5.365702016677862
298.5,25+,3.7400599664886656,4.479995259100405,5.366319711821372
298.6,25+,3.7403978602713743,4.480455394251917,5.3669372322934255
298.7,25+,3.740735650217129,4.480915393686793,5.367554578258909
298.8,25+,3.741073336424257,4.481375257533252,5.368171749882463
298.90000000000003,25+,3.7414109189909257,4.481834985919307,5.368788747328461
299,25+,3.7417483980151545,4.4822945789727715,5.36940557076102
299.1,25+,3.742085773594801,4.48275403682125,5.370022220343992
299.2,25+,3.74242304582757,4.483213359592154,5.370638696240977
299.3,25+,3.7427602148110135,4.483672547412688,5.3712549986153135
299.40000000000003,25+,3.7430972806425302,4.48413160040986,5.371871127630083
299.5,25+,3.74343424341936,4.484590518710469,5.372487083448105
299.6,25+,3.7437711032385943,4.485049302441128,5.373102866231952
299.7,25+,3.744107860197169,4.485507951728236,5.373718476143927
299.8,25+,3.744444514391869,4.485966466698003,5.374333913346095
299.90000000000003,25+,3.744781065919325,4.486424847476435,5.3749491780002465
300,25+,3.7451175148760134,4.48688309418934,5.375564270267925
